version_num,trial,row,has_obstacle,tau_s,r2
1,1,Front,False,12.23732459254162,0.025741164324472265
1,1,Middle,False,161190.47914467764,0.2388735040776
1,1,Back,False,95569.93138089651,0.6590374630647493
1,2,Front,False,203304.92076882382,0.10224015577086554
1,2,Middle,False,136379.56054972505,0.2484895677239285
1,2,Back,False,45960.957418130616,0.609372357312659
1,3,Front,False,175019.89320565294,0.043720739324505487
1,3,Middle,False,74824.46564677036,0.2068488625481587
1,3,Back,False,90556.86855731584,0.6374372606494552
1,4,Front,False,15.357189351219928,0.07465637329293673
1,4,Middle,False,190.38555326433766,0.1615477790095856
1,4,Back,False,142.38476582124022,0.5827375312892187
1,5,Front,False,33.01125501595715,0.17800267433747607
1,5,Middle,False,0.0061078635235727995,0.0063849890630687245
1,5,Back,False,807.0471899221599,0.5798238015454772
1,6,Front,False,133201.96901863592,0.12118441534197977
1,6,Middle,False,121878.13107735275,0.2857403215008737
1,6,Back,False,114798.71620112847,0.6535673539900562
1,7,Front,False,76411.05407395659,0.014741818334282342
1,7,Middle,False,63236.64914022517,0.24257341369100538
1,7,Back,False,62853.40541227521,0.6399945359001302
1,8,Front,False,0.005351838056994084,0.005068577857516021
1,8,Middle,False,470.5757529542031,0.16450838923040756
1,8,Back,False,322787.635264553,0.5956175123547772
1,9,Front,False,95324.18110430017,0.2797554414042519
1,9,Middle,False,180461.80486125982,0.29604617520978105
1,9,Back,False,243670.30145563226,0.7534698817810288
1,10,Front,False,10.437834905852592,0.04890668999602088
1,10,Middle,False,243084.90133383064,0.30376613826640364
1,10,Back,False,165491.79561154472,0.6569932689317086
2,1,Front,False,69882.93558021869,0.02714979125496597
2,1,Middle,False,209458.33259980418,0.3518294422017534
2,1,Back,False,107514.04531679727,0.6634402905274546
2,2,Front,False,34598.71466366466,0.05588008882054729
2,2,Middle,False,1137.7513515327191,0.16371266089068115
2,2,Back,False,114614.49503803306,0.6210568670939924
2,3,Front,False,11.705093915987094,0.09305797373877067
2,3,Middle,False,69.82078663873246,0.20537025075646276
2,3,Back,False,215820.91440896742,0.542602455811076
2,4,Front,False,-2.904803603220212,0.003385307548258276
2,4,Middle,False,153265.6627604819,0.25569057926561545
2,4,Back,False,352241.1687140219,0.6383546124515086
2,5,Front,False,74365.00900696075,0.011102793713754888
2,5,Middle,False,263521.2305190121,0.19583599414744046
2,5,Back,False,331843.1658619655,0.5842721826575732
2,6,Front,False,22178.78618814212,0.14391253176131946
2,6,Middle,False,54.461871908314954,0.16123761424662864
2,6,Back,False,482955.2841474111,0.5949588165834547
2,7,Front,False,223682.0340129481,0.0017442175398322268
2,7,Middle,False,479212.6149166899,0.30865551652898005
2,7,Back,False,1873.2974694858326,0.6308890251855865
2,8,Front,False,2.0455295272027563,0.016707117129520666
2,8,Middle,False,206.69070921395374,0.3292652137733918
2,8,Back,False,25577.464991429657,0.6149579256541065
2,9,Front,False,8.96164357502838,0.00576321473864827
2,9,Middle,False,150594.7902562607,0.34722229799727233
2,9,Back,False,204517.47821465187,0.6057816322910163
2,10,Front,False,3.895105883174427,0.014045394208631268
2,10,Middle,False,58563.79374477469,0.3050678339487407
2,10,Back,False,96140.83669781269,0.6398686230267782
3,1,Front,False,83.97643121023171,0.007624983394980189
3,1,Middle,False,76.21182819019211,0.21850360869512198
3,1,Back,False,192535.80813212733,0.6268557717144387
3,2,Front,False,303535.8803789191,0.05345781467720023
3,2,Middle,False,19393.654777347296,0.32514002489537464
3,2,Back,False,238487.01716461583,0.6256775925141953
3,3,Front,False,5.589907658255688,0.025118495416778686
3,3,Middle,False,80801.35663565522,0.31927095720451926
3,3,Back,False,343.8097117748234,0.6614178557392278
3,4,Front,False,0.5752611284527749,0.01664362018622234
3,4,Middle,False,257880.12808566994,0.33458047397477064
3,4,Back,False,348178.33799861325,0.639307094970335
3,5,Front,False,3.488184944384299,0.0001177928230386982
3,5,Middle,False,30005.7551496844,0.4011090017198212
3,5,Back,False,218.91516430994037,0.609202367419724
3,6,Front,False,0.940960853381621,0.015125207350479286
3,6,Middle,False,45023.67924630892,0.36697388285815813
3,6,Back,False,86162.76058734702,0.6474641521074539
3,7,Front,False,81951.0011436347,0.09544122460494531
3,7,Middle,False,72270.605003017,0.28122312519472303
3,7,Back,False,211366.087749552,0.6599336632653214
3,8,Front,False,30.779006691225316,0.02846241130544458
3,8,Middle,False,67067.37382397,0.32032307761178247
3,8,Back,False,202767.4176268927,0.6722290745534114
3,9,Front,False,27.624750467239522,0.05183672427009001
3,9,Middle,False,131907.70894242186,0.20172653102915195
3,9,Back,False,39983.060128310164,0.5442920025872481
3,10,Front,False,0.03170744100394564,0.0024498963589582035
3,10,Middle,False,129398.01425907295,0.2621336345169416
3,10,Back,False,22784.477274978006,0.6071476018512174
4,1,Front,False,166805.05476801103,0.45952934904076026
4,1,Middle,False,12.344028283255478,0.17066921327552786
4,1,Back,False,175154.00990840126,0.7023908715261464
4,2,Front,False,70996.65782520262,0.20704143703818156
4,2,Middle,False,98838.89560434151,0.3280964457969451
4,2,Back,False,174187.8899062265,0.8178194352243917
4,3,Front,False,7.97316119218804,0.1303191756096489
4,3,Middle,False,50.82025794814753,0.351894103616865
4,3,Back,False,31726.11586021269,0.7765755479321435
4,4,Front,False,70271.95428713674,0.14099555687768384
4,4,Middle,False,91240.28726494979,0.4146981830838117
4,4,Back,False,232302.56267036055,0.7776960953515164
4,5,Front,False,167431.97810385306,0.27614548164143915
4,5,Middle,False,29823.621312651772,0.19776950188412512
4,5,Back,False,243076.28825772426,0.7149960785193792
4,6,Front,False,66805.00268503626,0.27217998401071286
4,6,Middle,False,80821.68687844237,0.25022860217090537
4,6,Back,False,382106.75888314575,0.726595792107431
4,7,Front,False,75932.90875381586,0.20932687961694008
4,7,Middle,False,140818.0396253615,0.25177816286381727
4,7,Back,False,132519.39158658838,0.7867268378879281
4,8,Front,False,74.74323691764083,0.2163747304739666
4,8,Middle,False,18.372245502592676,0.32455293199781343
4,8,Back,False,130172.11238728765,0.8006095921172368
4,9,Front,False,2.4014208540755906,0.007275582877885656
4,9,Middle,False,135.88201075251118,0.3512974859313215
4,9,Back,False,185737.38327387063,0.6854547251251824
4,10,Front,False,93750.82618560038,0.25299277578649826
4,10,Middle,False,85292.92148598838,0.26810909234959623
4,10,Back,False,296364.19254941744,0.7121553340766871
5,1,Front,False,83119.05458079788,0.3267835556577634
5,1,Middle,False,31.02205741881735,0.1752701205927346
5,1,Back,False,252.43248218360196,0.7273414638065654
5,2,Front,False,0.20993698147773138,0.005130988260763525
5,2,Middle,False,42540.57139964132,0.22813383739371662
5,2,Back,False,156667.50346334145,0.6248296479663391
5,3,Front,False,21.637040440359293,0.0013664302960637587
5,3,Middle,False,129450.79087413123,0.15818638325137324
5,3,Back,False,158271.25113100163,0.6291934599856306
5,4,Front,False,16.618088949026365,0.06076697164094369
5,4,Middle,False,29.755748506380918,0.1985411614432896
5,4,Back,False,145039.11201834286,0.6173976209079965
5,5,Front,False,0.47284516995460574,0.014151909224198844
5,5,Middle,False,182653.76575065844,0.32708482116378623
5,5,Back,False,53598.2240229765,0.6394365481834772
5,6,Front,False,51058.05643901434,0.004978398697036646
5,6,Middle,False,98752.16621016634,0.2411768410176287
5,6,Back,False,181829.9608972598,0.6083933311465763
5,7,Front,False,1.130065461557951,0.01184434990217842
5,7,Middle,False,185138.41195119728,0.331321998150256
5,7,Back,False,221405.14241891168,0.623964812111049
5,8,Front,False,7.5858052205538495,0.03183364124701438
5,8,Middle,False,108325.90341699331,0.3389010899222924
5,8,Back,False,71.31353196586656,0.6573393350423157
5,9,Front,False,14.85288595839998,0.14244693735713554
5,9,Middle,False,23968.242220359294,0.1145696308246077
5,9,Back,False,103.75126154470415,0.5875175176227736
5,10,Front,False,102129.33658707229,0.011621528578105833
5,10,Middle,False,134068.4450482457,0.2635830406574998
5,10,Back,False,118712.12810055395,0.634267311729673
6,1,Front,False,110861.27921947473,0.2756810724933969
6,1,Middle,False,38.348366316131845,0.17174436356875478
6,1,Back,False,222276.1280166597,0.6410043110934482
6,2,Front,False,18726.631220480842,0.1618775708797111
6,2,Middle,False,67502.36784356649,0.15123920689958414
6,2,Back,False,142204.01402261425,0.6298532177913096
6,3,Front,False,30.632424654663645,0.22802091896939125
6,3,Middle,False,29773.24283727328,0.14854004189951342
6,3,Back,False,152287.2085990235,0.6429951521385464
6,4,Front,False,-164.05945189949492,0.08946934288806563
6,4,Middle,False,142.02195677057992,0.23523970117280668
6,4,Back,False,342215.11903532624,0.681235987266075
6,5,Front,False,51389.34537532845,0.06321659598688645
6,5,Middle,False,169400.2726622385,0.3194805068773249
6,5,Back,False,24190.657782809452,0.6619344897162711
6,6,Front,False,45.964053457296664,0.057194604108765534
6,6,Middle,False,15754.205202766007,0.22756047492465403
6,6,Back,False,139340.62864333653,0.7151626316431445
6,7,Front,False,22470.861227650683,0.01703536117882809
6,7,Middle,False,80228.04713432833,0.40337830967681143
6,7,Back,False,76390.97866298149,0.6734201946682649
6,8,Front,False,61.27677741370292,0.010382526417761051
6,8,Middle,False,157704.16213475095,0.26191070227744373
6,8,Back,False,133696.11368889376,0.6930240086600039
6,9,Front,False,133488.57116512617,0.2485319138244222
6,9,Middle,False,40.053638572595545,0.21163485442393315
6,9,Back,False,329348.8663127287,0.6159259691423362
6,10,Front,False,161470.23566161684,0.05121913585052407
6,10,Middle,False,138264.24468458496,0.3499248437065763
6,10,Back,False,238526.83757987255,0.7019040275788035
7,1,Front,False,304174.15704307647,0.7681102782922422
7,1,Middle,False,182025.77880841738,0.14322287348200247
7,1,Back,False,456951.72164677124,0.8788308757148081
7,2,Front,False,187475.10507761268,0.7258372666008603
7,2,Middle,False,117245.39894195995,0.2591304306128994
7,2,Back,False,284407.8863571336,0.8653842172278411
7,3,Front,False,82675.54532758574,0.7229051090557732
7,3,Middle,False,1116.5835697683185,0.18030593231848568
7,3,Back,False,165451.1902850819,0.8452946562895314
7,4,Front,False,439079.38061466755,0.7295630740457173
7,4,Middle,False,376076.01601587073,0.13260984986973368
7,4,Back,False,171658.4292874551,0.8545311322758009
7,5,Front,False,84460.0420633292,0.7936039164364211
7,5,Middle,False,180101.01823635015,0.23021697885875514
7,5,Back,False,206642.21807626786,0.8812340626879717
7,6,Front,False,161968.65951192108,0.7618532203277661
7,6,Middle,False,41.91557991177525,0.1279445596896175
7,6,Back,False,390455.05193905864,0.8443571716272641
7,7,Front,False,69923.59508398506,0.7254538694835484
7,7,Middle,False,152.85477771765872,0.30738480410648583
7,7,Back,False,145405.91412154833,0.8969278891505065
7,8,Front,False,87495.5560147591,0.7459294772695744
7,8,Middle,False,114132.9657245307,0.2749711164298928
7,8,Back,False,372696.38693262363,0.8969188357924692
7,9,Front,False,214290.11672426143,0.7077636652870926
7,9,Middle,False,122219.37603455684,0.285700704595245
7,9,Back,False,694976.8401630814,0.8551151334147729
7,10,Front,False,68216.60778438067,0.736000220193969
7,10,Middle,False,185245.18423020147,0.09841882509456013
7,10,Back,False,128749.0769093361,0.860912181097915
8,1,Front,False,7.794886521260744,0.04024146492024583
8,1,Middle,False,130435.13862009178,0.279085046107165
8,1,Back,False,185146.59671196598,0.7171797570948732
8,2,Front,False,13.360863829601897,0.01643388323248407
8,2,Middle,False,110129.88026384979,0.3295034835554751
8,2,Back,False,328.7316214884959,0.7272698544676697
8,3,Front,False,111938.34312149414,0.1173654961642927
8,3,Middle,False,57990.13938156042,0.14508500920947054
8,3,Back,False,631302.2059664952,0.5863854804148878
8,4,Front,False,122790.83990538438,0.07098118379908158
8,4,Middle,False,68613.65119154096,0.2557417315290935
8,4,Back,False,16978.53585388106,0.6091452019681136
8,5,Front,False,0.7308607252142538,0.027359155081447373
8,5,Middle,False,120720.50418038879,0.24900477416646827
8,5,Back,False,108984.7872532045,0.751157001259996
8,6,Front,False,4.257575559333758,0.003978870150253111
8,6,Middle,False,181076.4313977789,0.25848047010217945
8,6,Back,False,149431.10686332395,0.6489870114013968
8,7,Front,False,27.47321800751448,0.03730066544674793
8,7,Middle,False,476721.5694526667,0.38644729972297764
8,7,Back,False,260362.77471156372,0.6816112926010316
8,8,Front,False,7.0113107616323065,0.015914254515350112
8,8,Middle,False,196755.63818654628,0.32911377711034084
8,8,Back,False,100330.34814397349,0.6529644582508438
8,9,Front,False,94779.8109893791,0.0458426281253449
8,9,Middle,False,326458.1321863282,0.1809346286493515
8,9,Back,False,244305.48183593227,0.5663701686107185
8,10,Front,False,259151.000587105,0.09237794985499936
8,10,Middle,False,73932.89025702179,0.11665314625937251
8,10,Back,False,358936.48792157415,0.7263233953400535
9,1,Front,False,237849.41303883863,0.48592474694975973
9,1,Middle,False,73678.25484411298,0.23838279007466878
9,1,Back,False,106558.58899901161,0.8136271884176359
9,2,Front,False,21714.973710396232,0.4305105445954057
9,2,Middle,False,276146.72827959695,0.2642326166512454
9,2,Back,False,396400.03928036115,0.794146750843048
9,3,Front,False,173699.1225974764,0.42632436930474304
9,3,Middle,False,139937.98963503094,0.3158518185601956
9,3,Back,False,141769.20696190174,0.8062417147916403
9,4,Front,False,264585.16742881574,0.5405708403065754
9,4,Middle,False,175633.31592056697,0.10359374075672534
9,4,Back,False,482233.77354899404,0.7878677081220709
9,5,Front,False,125549.72939811695,0.5871774919869692
9,5,Middle,False,61.68494467519735,0.19422854256300925
9,5,Back,False,164610.1262498318,0.79197141850897
9,6,Front,False,648.2897693171932,0.3876113868230381
9,6,Middle,False,140298.8104580201,0.2820331829166278
9,6,Back,False,265502.6300399749,0.810297626004947
9,7,Front,False,105358.6256938605,0.24591429407797605
9,7,Middle,False,244102.95531103187,0.14163947944578237
9,7,Back,False,90877.6520418172,0.6296496280464392
9,8,Front,False,168534.28493603208,0.38042214615388303
9,8,Middle,False,70.56138340694406,0.21594937821181637
9,8,Back,False,169265.0065964724,0.805899832953608
9,9,Front,False,69686.16005912422,0.2805610182282421
9,9,Middle,False,105977.95093079988,0.30915885055902714
9,9,Back,False,184650.63807508812,0.7755344083122138
9,10,Front,False,95435.21912135636,0.5117072584042883
9,10,Middle,False,263795.0680686013,0.2039798000447004
9,10,Back,False,111131.98693051212,0.7845299344949572
10,1,Front,False,168148.4233185697,0.8941028516920233
10,1,Middle,False,319979.4291211229,0.10352137706675002
10,1,Back,False,205774.8443072151,0.9330579218979911
10,2,Front,False,252005.79533570583,0.8724401043948273
10,2,Middle,False,41045.846508348055,0.23991694240097305
10,2,Back,False,662364.1682714295,0.9107925529820035
10,3,Front,False,304609.84942611586,0.882861259865938
10,3,Middle,False,133833.7958168083,0.1894039211595293
10,3,Back,False,1163452.7764654227,0.9326606797145136
10,4,Front,False,235230.12421604584,0.852991787839962
10,4,Middle,False,63.03768087030974,0.18066902649494376
10,4,Back,False,142133.0787506808,0.9296857471998776
10,5,Front,False,255613.1155211731,0.8291477316609098
10,5,Middle,False,121126.8929945392,0.3239868071621447
10,5,Back,False,183433.2388637315,0.9173076381506503
10,6,Front,False,147956.01452389808,0.8758694677742164
10,6,Middle,False,150964.22770409592,0.26275148654947733
10,6,Back,False,543005.7402125882,0.926560745215784
10,7,Front,False,439861.7043624368,0.8422570951483948
10,7,Middle,False,152867.99842828803,0.18846099031847552
10,7,Back,False,338515.57578534575,0.919045486933116
10,8,Front,False,104483.83859175691,0.8899183552247384
10,8,Middle,False,34.97363367294466,0.20112552199638323
10,8,Back,False,397923.2891376084,0.9209352887561251
10,9,Front,False,376405.591483308,0.8606479415698961
10,9,Middle,False,169188.19729304785,0.34965502563391804
10,9,Back,False,302999.2166879291,0.9411528838756319
10,10,Front,False,48165.766317305446,0.8367852143097718
10,10,Middle,False,322.64495126891353,0.3968877670690354
10,10,Back,False,493351.0107330849,0.9115808894399199
11,1,Front,False,81599.53584724825,0.24471256632297467
11,1,Middle,False,144444.53578752515,0.14982008030119653
11,1,Back,False,333016.77671018953,0.7227608653536144
11,2,Front,False,44.8270830164263,0.161264298424029
11,2,Middle,False,384.6879244337064,0.22142767314396428
11,2,Back,False,261516.01749901043,0.6895265664059016
11,3,Front,False,340824.4680318528,0.31574023111284544
11,3,Middle,False,170009.00083788324,0.14727613263994288
11,3,Back,False,319890.6372761241,0.6841262488778053
11,4,Front,False,73863.83389868958,0.12070597176491937
11,4,Middle,False,251996.61734855932,0.27417942403215745
11,4,Back,False,113266.00894758175,0.7598416678465528
11,5,Front,False,66217.48165499135,0.25676020952771217
11,5,Middle,False,556.7015911482533,0.15891185679856534
11,5,Back,False,440913.91133481223,0.7083580307148379
11,6,Front,False,52532.20204643654,0.27840434176712514
11,6,Middle,False,110.5819224727745,0.1887739147557128
11,6,Back,False,89596.37704417142,0.7284518436940792
11,7,Front,False,12.22167220344364,0.09623149221273375
11,7,Middle,False,67.27101400547389,0.31081842324358
11,7,Back,False,232700.40686498623,0.7504364760999153
11,8,Front,False,33.739559030651705,0.28152795182832624
11,8,Middle,False,312175.7027092208,0.10982737417536359
11,8,Back,False,187828.33850922275,0.7203281573082946
11,9,Front,False,32.264128607628486,0.24696312875174087
11,9,Middle,False,172.04719879446918,0.13423156474535625
11,9,Back,False,129333.49564694532,0.7002181611668445
11,10,Front,False,111956.35395947305,0.2978472105982931
11,10,Middle,False,92379.31092047761,0.13483128857344384
11,10,Back,False,231740.78923420972,0.6342171713773053
12,1,Front,False,180065.29554815637,0.7933465293598403
12,1,Middle,False,63479.84279555749,0.30190384705768036
12,1,Back,False,131673.9714244337,0.8959134056625329
12,2,Front,False,55191.13352687095,0.793460224560093
12,2,Middle,False,0.0068349964230173185,0.0005951915586395184
12,2,Back,False,34041.536015780905,0.9036230863351923
12,3,Front,False,338809.2155847657,0.7756420166074043
12,3,Middle,False,21.334231123877114,0.13164871494753405
12,3,Back,False,450614.70021443267,0.8920696020702334
12,4,Front,False,202004.68668684832,0.8009067037024731
12,4,Middle,False,55.35555100664363,0.3833176156324356
12,4,Back,False,514070.4970667113,0.915672202992502
12,5,Front,False,292833.60382462654,0.7894016964815617
12,5,Middle,False,40.33529015059986,0.2364565435750643
12,5,Back,False,418010.60486196616,0.8994608823842457
12,6,Front,False,90582.31678353013,0.7342066529475212
12,6,Middle,False,141952.76588689137,0.17807225554310546
12,6,Back,False,215131.65351338714,0.8560231174650763
12,7,Front,False,103971.48150212357,0.707540222830644
12,7,Middle,False,61259.89054181852,0.3695151065107235
12,7,Back,False,119862.82488018836,0.8964248513434072
12,8,Front,False,167657.16107316062,0.7720259852868676
12,8,Middle,False,196.0014910662483,0.2614601328786734
12,8,Back,False,224733.25414736278,0.889964165810498
12,9,Front,False,340390.7539215476,0.816600689230772
12,9,Middle,False,236626.44434379943,0.19911220865242374
12,9,Back,False,476295.4028307826,0.9090849925863602
12,10,Front,False,183866.73536513897,0.34699574912489617
12,10,Middle,False,156283.6250734537,0.2029792749939031
12,10,Back,False,240866.56092479912,0.8102707820299119
13,1,Front,True,176079.12658510605,0.8908907978297422
13,1,Middle,True,40.1030562233371,0.21186803437304524
13,1,Back,True,315435.01739291626,0.9265636679337097
13,2,Front,True,446412.85340279026,0.8436279806754894
13,2,Middle,True,227403.51309061187,0.40853256021938966
13,2,Back,True,156252.63138319275,0.9235516684211326
13,3,Front,True,157707.14713418105,0.8863697102718824
13,3,Middle,True,255791.0847935873,0.1958775379248633
13,3,Back,True,261088.04001556107,0.914707854285765
13,4,Front,True,203505.93353804172,0.8632189822068951
13,4,Middle,True,-20.213674480215328,0.35005909777289634
13,4,Back,True,375161.24947520776,0.918503437809517
13,5,Front,True,55907.27666698904,0.8487465189825681
13,5,Middle,True,44.630838259647355,0.39824280644234245
13,5,Back,True,174926.26745394326,0.9281201093827639
13,6,Front,True,88923.56733324405,0.847767966051925
13,6,Middle,True,39.51890045151034,0.2458641824029122
13,6,Back,True,249463.12277314404,0.916798885520245
13,7,Front,True,98551.63436930235,0.8291407200382739
13,7,Middle,True,19.195532193557778,0.24043157335720733
13,7,Back,True,336613.1879846794,0.9292693464371488
13,8,Front,True,295761.34037911985,0.8816946257596496
13,8,Middle,True,172233.9565607449,0.3350410669250443
13,8,Back,True,313636.19417782046,0.9394108110740801
13,9,Front,True,124903.8444224418,0.8781688463065517
13,9,Middle,True,121776.82061211024,0.2018242404578825
13,9,Back,True,259621.2684370934,0.9157820952800549
13,10,Front,True,194794.2769461439,0.7858922134654248
13,10,Middle,True,42772.69991935133,0.42685505697899473
13,10,Back,True,299239.4847770928,0.9157936555014247
14,1,Front,True,136721.93374401267,0.7619076929782129
14,1,Middle,True,85886.26959436102,0.24164878446960691
14,1,Back,True,333209.20156085,0.9010098057203175
14,2,Front,True,42901.33284377733,0.7178932218451826
14,2,Middle,True,141343.63994056685,0.3246332566920893
14,2,Back,True,303103.0577745255,0.9131721285409431
14,3,Front,True,101071.08696289363,0.802377006489124
14,3,Middle,True,147815.2362769802,0.12268465126979977
14,3,Back,True,235932.53496623904,0.898432015869309
14,4,Front,True,315173.7829138839,0.808267757932128
14,4,Middle,True,52.23594037536276,0.11816847240220685
14,4,Back,True,89076.50616292663,0.9025934829840507
14,5,Front,True,167323.62664689918,0.8076049938124565
14,5,Middle,True,29.73127671439508,0.12294341245462281
14,5,Back,True,210823.96626625187,0.8921038364695751
14,6,Front,True,183418.70156463527,0.732108282128576
14,6,Middle,True,169983.14758212128,0.16341930635486035
14,6,Back,True,163061.3130415221,0.8752278541486489
14,7,Front,True,64519.5332189103,0.6959409821456477
14,7,Middle,True,285679.8138338608,0.3487168850374912
14,7,Back,True,237229.14606816103,0.8846693901795921
14,8,Front,True,151630.81184359506,0.8035376321464794
14,8,Middle,True,1433.0873655578466,0.12696497260372874
14,8,Back,True,195098.12883693882,0.883313897414806
14,9,Front,True,235430.09361250314,0.740374740858466
14,9,Middle,True,182734.58098464314,0.17474254435550118
14,9,Back,True,155366.17533841982,0.8944934251290289
14,10,Front,True,220624.57153628772,0.7292570525845973
14,10,Middle,True,250116.66430420568,0.228268816588182
14,10,Back,True,175810.8565641405,0.861505968768285
15,1,Front,True,86198.78505190421,0.6066228914257155
15,1,Middle,True,187276.33982818972,0.3540400812791573
15,1,Back,True,521468.16652019904,0.8780554856230889
15,2,Front,True,94728.20349923563,0.7006901363697033
15,2,Middle,True,185.93049254532622,0.26784122689010426
15,2,Back,True,97750.41401518972,0.904232734997514
15,3,Front,True,459962.2794609461,0.682610831485731
15,3,Middle,True,129766.24060929708,0.2905959320619397
15,3,Back,True,126957.3002667738,0.9059049061958353
15,4,Front,True,69422.47276060388,0.7743298613747611
15,4,Middle,True,88.5265853082957,0.15499464123249274
15,4,Back,True,324682.6149633781,0.8960223771082027
15,5,Front,True,235546.14366883904,0.6769328043075796
15,5,Middle,True,145711.1733628179,0.32362598122624364
15,5,Back,True,175522.32022156796,0.8764588361275495
15,6,Front,True,182021.62333383947,0.7178098179816517
15,6,Middle,True,109083.51942137323,0.2545510544710524
15,6,Back,True,166677.90159916773,0.8717376582012702
15,7,Front,True,11934.972609307379,0.7116283817932971
15,7,Middle,True,181893.35562774813,0.15134345864355847
15,7,Back,True,256480.26914517052,0.8940995390858868
15,8,Front,True,139675.60899982956,0.7066673496685083
15,8,Middle,True,90588.16142940205,0.22759265826377506
15,8,Back,True,214008.58189448723,0.8724768943822965
15,9,Front,True,0.0043132706884518365,0.0014507296962217309
15,9,Middle,True,101460.02968206807,0.2547794440351212
15,9,Back,True,547779.7856117461,0.8891437645171527
15,10,Front,True,108416.71406266549,0.7229816744310276
15,10,Middle,True,277003.7572352811,0.1347137607481783
15,10,Back,True,86557.78102758806,0.8799926249598655
16,1,Front,True,405290.6009338357,0.9067885063032005
16,1,Middle,True,46.0546275002751,0.20358172152331477
16,1,Back,True,171357.09963758636,0.9352192860860843
16,2,Front,True,194698.717958508,0.8606456052471461
16,2,Middle,True,85953.72610188223,0.2382127370937509
16,2,Back,True,296281.6322898861,0.9314280910438857
16,3,Front,True,164525.131802884,0.8686193669274787
16,3,Middle,True,21.237181538476698,0.12701250739763126
16,3,Back,True,226124.87464193563,0.9356142447891137
16,4,Front,True,345777.3698260698,0.8596561872339492
16,4,Middle,True,0.00561461171620675,0.012019588651281388
16,4,Back,True,153124.6182642936,0.9370512256530986
16,5,Front,True,131094.81425377968,0.8431288262065212
16,5,Middle,True,396721.6490195204,0.20314758050160342
16,5,Back,True,158214.47659482504,0.9310683909593885
16,6,Front,True,92354.83587469324,0.8811814723361535
16,6,Middle,True,122678.521304919,0.17108147558582776
16,6,Back,True,502471.84852620895,0.9201225388791153
16,7,Front,True,43548.71877896841,0.8592544196716208
16,7,Middle,True,15.767326770079805,0.16389525571315477
16,7,Back,True,154127.91900492168,0.9066592201753182
16,8,Front,True,251193.92111841764,0.881706917843907
16,8,Middle,True,136454.39066564385,0.14217204630983415
16,8,Back,True,567298.8274612692,0.9163020457681871
16,9,Front,True,139146.804342857,0.8873372950170082
16,9,Middle,True,59.561612256922785,0.2261951361864455
16,9,Back,True,303013.44318957935,0.9236208359490458
16,10,Front,True,135717.6564644973,0.8501029133278191
16,10,Middle,True,114761.59825126665,0.2784013375132858
16,10,Back,True,133406.37219733972,0.9404332394084242
17,1,Front,True,365101.38224722416,0.7905929165674804
17,1,Middle,True,82311.61442791572,0.3139012545001215
17,1,Back,True,148168.96704353904,0.9173738464659729
17,2,Front,True,124012.46752992093,0.7689255220283683
17,2,Middle,True,62.58487558161496,0.1296657473962044
17,2,Back,True,183494.7971786503,0.8718642456256784
17,3,Front,True,143068.0057850013,0.7764408142133827
17,3,Middle,True,79604.80337460784,0.298364750116609
17,3,Back,True,201606.16113356262,0.8995052382474253
17,4,Front,True,320899.40138876333,0.7489817028503002
17,4,Middle,True,57510.1106606999,0.3097008171640184
17,4,Back,True,332256.6951006667,0.8863907170689225
17,5,Front,True,58679.29865385209,0.840337235892917
17,5,Middle,True,114.6842122346529,0.09739450945241968
17,5,Back,True,404512.7164724308,0.8968581068938777
17,6,Front,True,165581.59375620532,0.8049289115569571
17,6,Middle,True,134891.02286601192,0.3672854185626695
17,6,Back,True,83015.49583071249,0.9049481800458989
17,7,Front,True,274739.3685378538,0.8366599958957126
17,7,Middle,True,60.725558461953085,0.17971364720351135
17,7,Back,True,255591.7094235194,0.9089048528485102
17,8,Front,True,75924.23380581655,0.7740900549994516
17,8,Middle,True,71198.37714248324,0.2542756383633348
17,8,Back,True,288129.7251482979,0.8929449097906239
17,9,Front,True,96166.46765711938,0.7689799066449332
17,9,Middle,True,230796.5637038314,0.26104509741610016
17,9,Back,True,142629.50966454015,0.9130506488429692
17,10,Front,True,95523.44731534012,0.7180150109872382
17,10,Middle,True,226221.94248586625,0.34780558633415726
17,10,Back,True,308866.39356860006,0.9172819478894493
18,1,Front,True,1137.6612560459087,0.7185361079527853
18,1,Middle,True,-24.753309947470466,0.13947474127007198
18,1,Back,True,563156.9526741083,0.8815518002884681
18,2,Front,True,144597.59672581786,0.7216928696022092
18,2,Middle,True,11.586688596229095,0.1544725283252819
18,2,Back,True,216663.46437390248,0.8946886705471258
18,3,Front,True,297370.1176098182,0.8055144852477932
18,3,Middle,True,19.646729800325264,0.12933644352299023
18,3,Back,True,630179.0616520526,0.9099564923021478
18,4,Front,True,320546.04462690186,0.7045411040341103
18,4,Middle,True,46.455944880534645,0.23983377212256685
18,4,Back,True,107476.05260841707,0.840954768186752
18,5,Front,True,290008.2836683857,0.697706971995659
18,5,Middle,True,111130.45728771714,0.3347784089968291
18,5,Back,True,176639.83554947624,0.9034393208326437
18,6,Front,True,61807.63781299524,0.7235862431233151
18,6,Middle,True,0.04492926904149904,0.006978348286103997
18,6,Back,True,228791.64006649193,0.8937486096013824
18,7,Front,True,158517.2562656384,0.8276841093587287
18,7,Middle,True,124982.57960618386,0.125104020009299
18,7,Back,True,547713.8546069581,0.9080514172796131
18,8,Front,True,245711.38232431884,0.7919161882193262
18,8,Middle,True,100324.71451911927,0.19054724645152965
18,8,Back,True,223272.9346984373,0.8882861822579353
18,9,Front,True,254117.36473130548,0.7347324803978971
18,9,Middle,True,118606.4191734859,0.2515738549358101
18,9,Back,True,649608.2930632741,0.90617517563275
18,10,Front,True,139171.9347726483,0.7893272825646669
18,10,Middle,True,29.461581988847648,0.280442214327849
18,10,Back,True,300943.0952151063,0.9083973146388048
19,1,Front,True,293637.717854455,0.8409444405741929
19,1,Middle,True,366.0071625774644,0.2641541335016593
19,1,Back,True,200263.62163698903,0.9214032886604437
19,2,Front,True,120499.74818736904,0.8807830461426697
19,2,Middle,True,0.004309783277981357,0.007914089329140395
19,2,Back,True,183721.08459655553,0.9114957405723987
19,3,Front,True,305500.5784241034,0.8332246408691734
19,3,Middle,True,72444.28856506628,0.302548971708013
19,3,Back,True,281793.36344423215,0.9212263760688968
19,4,Front,True,251558.87442971574,0.84497915651057
19,4,Middle,True,147517.5515422538,0.32778639971028434
19,4,Back,True,411314.7272368025,0.9282885812039504
19,5,Front,True,682383.3145224892,0.8865012826417289
19,5,Middle,True,236425.54454462836,0.13138297786987096
19,5,Back,True,167968.58683049813,0.9199540813744894
19,6,Front,True,202101.11060106126,0.8587273388143448
19,6,Middle,True,85706.45667533125,0.32766636498148327
19,6,Back,True,411063.8103136267,0.9244685930278486
19,7,Front,True,278080.8190704208,0.8638475944593149
19,7,Middle,True,251832.04011421965,0.29721841150226225
19,7,Back,True,209224.18364535307,0.9136428855825914
19,8,Front,True,109965.69899015629,0.8667870189801167
19,8,Middle,True,169319.55804779084,0.32874112516759724
19,8,Back,True,635193.9698623414,0.937545806457532
19,9,Front,True,396364.59890184796,0.8069226775863626
19,9,Middle,True,102001.96974674874,0.41678613992204194
19,9,Back,True,134407.20719211354,0.9180260290871549
19,10,Front,True,303600.02898705256,0.8457164351443528
19,10,Middle,True,280982.7038233025,0.26295161729125927
19,10,Back,True,324539.9992011811,0.9270386769215249
20,1,Front,True,206764.21624227814,0.7551116435935914
20,1,Middle,True,215746.6748561736,0.2134967002056487
20,1,Back,True,169457.62369727856,0.9189898325629796
20,2,Front,True,172247.8134011299,0.6840764091037091
20,2,Middle,True,116.64620182435367,0.2667082006222793
20,2,Back,True,247791.46991284896,0.8907293353387447
20,3,Front,True,164896.369124002,0.7518628819977292
20,3,Middle,True,321083.2509798658,0.27959590436672066
20,3,Back,True,232772.83845519408,0.9157143216870156
20,4,Front,True,272486.4148281018,0.908167508015989
20,4,Middle,True,76281.36631125692,0.3281006544769687
20,4,Back,True,397722.1073584681,0.9410565589473077
20,5,Front,True,99122.29744038069,0.768562800814125
20,5,Middle,True,122.98067672262862,0.1085098244118301
20,5,Back,True,297732.43396388064,0.8914994342364757
20,6,Front,True,181879.05048448124,0.7331568775534654
20,6,Middle,True,283.52933741432946,0.16413013117633013
20,6,Back,True,79816.26902640169,0.8646918463537392
20,7,Front,True,296622.0921464161,0.7048571366246836
20,7,Middle,True,242931.0559469097,0.3495621344117399
20,7,Back,True,369112.2917252842,0.8828336487233948
20,8,Front,True,34282.030286014124,0.7464557610710971
20,8,Middle,True,62.076662658027516,0.3959018520529135
20,8,Back,True,561214.503473466,0.9236383766677873
20,9,Front,True,115387.57696862926,0.8151130784458306
20,9,Middle,True,2198.8838974784085,0.18664960388131113
20,9,Back,True,206053.78500565537,0.8789379365613517
20,10,Front,True,157468.88176803722,0.7749225534609385
20,10,Middle,True,69081.77654006805,0.18916565827470477
20,10,Back,True,319060.81803631096,0.8802219355411802
21,1,Front,True,144503.18937811287,0.7217620823474338
21,1,Middle,True,164.00906375259393,0.3003262122156566
21,1,Back,True,350709.7178992169,0.8735042359339659
21,2,Front,True,1720.1585926779676,0.759871073019293
21,2,Middle,True,12.231158583121458,0.11495628986218831
21,2,Back,True,159563.16245248946,0.8903305944226172
21,3,Front,True,138761.31637366785,0.6987527046088405
21,3,Middle,True,241776.57381546727,0.18145106596148508
21,3,Back,True,678743.5281330801,0.8705208632246976
21,4,Front,True,88046.67876433916,0.7623234552604834
21,4,Middle,True,67.92831397889302,0.38686356483052187
21,4,Back,True,50953.18473668337,0.8952761183838552
21,5,Front,True,257831.5563110338,0.7905514277562868
21,5,Middle,True,37767.84881374834,0.1977462542229158
21,5,Back,True,283896.93888156017,0.88915634157988
21,6,Front,True,232827.02082842906,0.721951856669533
21,6,Middle,True,214717.27352833858,0.3651047396607411
21,6,Back,True,89314.85260638534,0.8855530739837777
21,7,Front,True,111723.95356650205,0.8471006525736915
21,7,Middle,True,409392.69730819063,0.281331591829005
21,7,Back,True,207609.94516050903,0.936707863868225
21,8,Front,True,394575.0420652942,0.7604148809973206
21,8,Middle,True,68443.69412317144,0.16446077434557438
21,8,Back,True,482280.6064399869,0.883038229439246
21,9,Front,True,85891.11280401313,0.7082164619820105
21,9,Middle,True,113987.87972697121,0.2441028295547153
21,9,Back,True,298117.4211704127,0.8860569149479244
21,10,Front,True,70654.26562297063,0.718414640816429
21,10,Middle,True,88758.13842815445,0.38864251602774136
21,10,Back,True,251367.82197420645,0.8989297734526265
22,1,Front,True,256545.2279426992,0.8096652152921695
22,1,Middle,True,130.7311952284107,0.29072746013475503
22,1,Back,True,378564.8356414624,0.8876902623713256
22,2,Front,True,351962.59184845304,0.8688564751686942
22,2,Middle,True,208.61909146487363,0.19145790173844768
22,2,Back,True,329231.0539802334,0.9302241959901976
22,3,Front,True,72983.43433671747,0.8200772948546043
22,3,Middle,True,64780.13661279969,0.20680353557865128
22,3,Back,True,237823.56947319006,0.9315195125529591
22,4,Front,True,97518.62073228232,0.8312507881494298
22,4,Middle,True,151886.9336685363,0.22403402702253583
22,4,Back,True,138979.05831826743,0.9090204654654256
22,5,Front,True,300048.36109120445,0.8626987720602126
22,5,Middle,True,207.8060265709277,0.1553935823030076
22,5,Back,True,306981.26959010836,0.9298053018414648
22,6,Front,True,190420.71237590892,0.8037181490934769
22,6,Middle,True,128843.0606518998,0.278043384110095
22,6,Back,True,165377.93771700063,0.9080935680003189
22,7,Front,True,111555.7015538869,0.8453106199774394
22,7,Middle,True,115.2007159815263,0.35100571178904283
22,7,Back,True,295234.114956167,0.9282882379894104
22,8,Front,True,168979.83043909722,0.873086376923077
22,8,Middle,True,29.97250615444457,0.2808880009110498
22,8,Back,True,143658.17156272577,0.9245976052579833
22,9,Front,True,232319.1213766008,0.8644086373761617
22,9,Middle,True,419400.80146300665,0.263145163704248
22,9,Back,True,192694.66348321317,0.9267088419772342
22,10,Front,True,184531.34166367952,0.8311814941376178
22,10,Middle,True,240328.67637270247,0.24356254578942416
22,10,Back,True,94663.53971067067,0.9201260789817262
23,1,Front,True,166372.6813501526,0.5963265751630489
23,1,Middle,True,76718.75412077864,0.18742638702872816
23,1,Back,True,293436.573999802,0.8258771481841938
23,2,Front,True,192919.2726996257,0.5955260823723553
23,2,Middle,True,147264.9367181919,0.22314308485203815
23,2,Back,True,323650.9716350175,0.8404416575397562
23,3,Front,True,99536.10138686725,0.5806910205811058
23,3,Middle,True,144443.2696278898,0.3801884175119802
23,3,Back,True,418597.6636196837,0.8634421154646174
23,4,Front,True,48319.16405696634,0.6727214219288742
23,4,Middle,True,158944.86701665082,0.17888627967255
23,4,Back,True,497079.33932161203,0.8797881272761499
23,5,Front,True,49.117897930146555,0.5594512948636149
23,5,Middle,True,117325.20548186185,0.23220925016639338
23,5,Back,True,160963.56450520642,0.8188205737164274
23,6,Front,True,110596.59199857713,0.6616264529848459
23,6,Middle,True,265276.9242297053,0.17043923765019808
23,6,Back,True,333500.4908835901,0.8100684833117884
23,7,Front,True,4259.711141080704,0.6235542549040933
23,7,Middle,True,510.5117272039346,0.3206487959672094
23,7,Back,True,265355.0095410695,0.8509552453186132
23,8,Front,True,139104.4649736731,0.6143005299046771
23,8,Middle,True,50.10006400178372,0.3591377996729985
23,8,Back,True,201865.50695678414,0.8724346218582951
23,9,Front,True,136526.6719432164,0.5705624805037104
23,9,Middle,True,19289.342568039603,0.2876192921507704
23,9,Back,True,262924.9458935577,0.8491412944652948
23,10,Front,True,103853.9395270893,0.5578435595055079
23,10,Middle,True,204868.97155704015,0.40829044529207736
23,10,Back,True,114016.74787957098,0.8743989819210523
24,1,Front,True,102673.87978870198,0.823420793326796
24,1,Middle,True,145142.63822931104,0.3723761747614047
24,1,Back,True,420107.9689785857,0.935086937985048
24,2,Front,True,121770.102771893,0.7904187037940096
24,2,Middle,True,65700.08598418251,0.2772537069163631
24,2,Back,True,140500.5062199785,0.9088187911995508
24,3,Front,True,123571.20335087566,0.8202410358447152
24,3,Middle,True,-31.595513138560552,0.17525516618539583
24,3,Back,True,308297.85281693214,0.8958684441592069
24,4,Front,True,114902.3037266095,0.7838456654052544
24,4,Middle,True,1928.231639358248,0.13350980411819402
24,4,Back,True,683875.629107349,0.8976165203797596
24,5,Front,True,81081.41593648607,0.75088720083991
24,5,Middle,True,135251.144466677,0.26680884642117453
24,5,Back,True,1081830.33370321,0.9105037464129493
24,6,Front,True,113763.18827688831,0.7983202721339555
24,6,Middle,True,415776.6963199883,0.30956238801939695
24,6,Back,True,320701.8022019938,0.9155100841643009
24,7,Front,True,187208.8446727469,0.8060248620103101
24,7,Middle,True,92726.15775946112,0.13516339674381972
24,7,Back,True,184775.74612170877,0.8819977137144498
24,8,Front,True,76793.10223693897,0.8115400182061037
24,8,Middle,True,53.05019856150374,0.31776893335332845
24,8,Back,True,363767.5551839995,0.9202821890297255
24,9,Front,True,56319.28326634654,0.8348069931399982
24,9,Middle,True,165322.92953892285,0.24186208194726233
24,9,Back,True,153779.96748728998,0.8892999290777539
24,10,Front,True,220706.80850132264,0.7774898718218641
24,10,Middle,True,175722.5406239962,0.16588683735980347
24,10,Back,True,229687.0513723949,0.881417522894969
25,1,Front,True,126495.54239449205,0.8303033228492062
25,1,Middle,True,113698.67064765346,0.35566585800866823
25,1,Back,True,339042.9857001135,0.9294645862050367
25,2,Front,True,118831.11398465608,0.8981777895311508
25,2,Middle,True,122284.7073762378,0.2989794528846831
25,2,Back,True,256193.04405394357,0.9482609576129063
25,3,Front,True,209923.666124806,0.8527186473753212
25,3,Middle,True,219275.05622372375,0.2518906603827853
25,3,Back,True,138953.07099070324,0.9179134368047239
25,4,Front,True,159170.7165604524,0.5438876322187498
25,4,Middle,True,184082.85710655298,0.1734618694791008
25,4,Back,True,324968.50391010876,0.838136941413083
25,5,Front,True,143388.94383847545,0.8348297841057528
25,5,Middle,True,211679.92406595548,0.3796426910952245
25,5,Back,True,174869.62653919405,0.9335914569417151
25,6,Front,True,146110.85052961117,0.7815282394468698
25,6,Middle,True,118884.89807675708,0.34831378207429664
25,6,Back,True,248217.81939557267,0.9182956522264318
25,7,Front,True,338998.11802104994,0.8003299507808437
25,7,Middle,True,87837.962667291,0.30456086520764214
25,7,Back,True,489528.3265406783,0.9287495212500045
25,8,Front,True,288520.18079146324,0.9007342196174407
25,8,Middle,True,22822.624788115012,0.29879760567202374
25,8,Back,True,503105.07685310714,0.9438478652833732
25,9,Front,True,111294.47226811101,0.8195852550649783
25,9,Middle,True,68653.72321184198,0.40186018431469894
25,9,Back,True,245583.51986812946,0.9176906293953172
25,10,Front,True,145239.42396733482,0.8616954734310288
25,10,Middle,True,364108.6533018118,0.3773029264413138
25,10,Back,True,644374.3247314906,0.9293185469001266
26,1,Front,True,483.91361482537667,0.783481472930283
26,1,Middle,True,74664.06308627421,0.262933308194118
26,1,Back,True,599092.5049146602,0.877714824181345
26,2,Front,True,259443.06112890097,0.8231435795657306
26,2,Middle,True,98287.72490457474,0.11732165749467371
26,2,Back,True,348140.94133704825,0.8863419561254244
26,3,Front,True,155177.17937863755,0.7056363970751874
26,3,Middle,True,23.866493327554178,0.2960978856978639
26,3,Back,True,299342.19112927094,0.8802004391892687
26,4,Front,True,156291.87841078325,0.7690481038514102
26,4,Middle,True,296607.83415412315,0.2730852083871175
26,4,Back,True,704272.4308479925,0.8875187885392404
26,5,Front,True,199276.85150803113,0.689881627012367
26,5,Middle,True,146398.60380743202,0.35943296914500156
26,5,Back,True,210481.18520433013,0.8955985851130157
26,6,Front,True,581676.8702541215,0.6868999837008629
26,6,Middle,True,238171.43098754357,0.14383320897197893
26,6,Back,True,370655.9469473103,0.849468822828906
26,7,Front,True,122470.2819407629,0.712071108084644
26,7,Middle,True,237001.19615397177,0.38328311622901967
26,7,Back,True,171908.62190075603,0.9113039240371038
26,8,Front,True,73.37457937760328,0.38545739370820853
26,8,Middle,True,104411.48673934324,0.36951462910140875
26,8,Back,True,66000.98278924727,0.849319185828988
26,9,Front,True,177535.64865679454,0.6966303341371496
26,9,Middle,True,50.978822308948544,0.1358146592477758
26,9,Back,True,210945.47761773627,0.8471669002449882
26,10,Front,True,255076.85443084064,0.666606376371788
26,10,Middle,True,144006.17841179078,0.26277856338703065
26,10,Back,True,506016.71070199646,0.8938964257446304
27,1,Front,True,194406.69442426637,0.8222712268247307
27,1,Middle,True,129661.90196925266,0.2563328016158771
27,1,Back,True,220296.32168382773,0.9292893754428179
27,2,Front,True,147182.8743427304,0.8357301501496011
27,2,Middle,True,148759.48820665388,0.24540605288749529
27,2,Back,True,536598.8783846132,0.9233628733201868
27,3,Front,True,57451.1858262392,0.8330220600001007
27,3,Middle,True,243644.1207008133,0.35576557707266654
27,3,Back,True,175887.4762347986,0.9341450426593855
27,4,Front,True,175064.3379449055,0.7239843214299595
27,4,Middle,True,224563.13420645095,0.30862843872681534
27,4,Back,True,147845.9740505577,0.9132346088684459
27,5,Front,True,180374.16853509948,0.7979493499254966
27,5,Middle,True,47020.50484010017,0.30608275290766374
27,5,Back,True,288204.29632235714,0.9045209169792213
27,6,Front,True,161216.6432163393,0.8462222396834259
27,6,Middle,True,25078.659268188385,0.2443468857032557
27,6,Back,True,223243.25104631466,0.9004992425721519
27,7,Front,True,121168.80126036785,0.8577415746731616
27,7,Middle,True,32.48202206141102,0.0985260321786181
27,7,Back,True,301563.1012350848,0.9052948340544075
27,8,Front,True,227613.11931950843,0.761622885967768
27,8,Middle,True,131012.29053006251,0.29989768510548787
27,8,Back,True,437676.4101929135,0.9128314024261226
27,9,Front,True,137025.78756491636,0.8201527606180521
27,9,Middle,True,113729.35854032917,0.3474565437139573
27,9,Back,True,102420.99636262437,0.936771962533742
27,10,Front,True,109007.22097291143,0.9399096372310907
27,10,Middle,True,56133.50702491889,0.3505739306106922
27,10,Back,True,411235.264819915,0.9574362362618388
28,1,Front,True,197870.25567359375,0.8518637371083986
28,1,Middle,True,1674.2087608767115,0.14771299937796545
28,1,Back,True,416353.99353718327,0.9182114401153291
28,2,Front,True,184224.0974132513,0.8694269734375943
28,2,Middle,True,124047.14045571187,0.274068862918869
28,2,Back,True,448176.6054375056,0.9378384163347617
28,3,Front,True,291745.8384589152,0.8081960817219422
28,3,Middle,True,187792.2667079746,0.3736925057411242
28,3,Back,True,243545.77716575464,0.9292729650251348
28,4,Front,True,155465.44880781847,0.8822264923037838
28,4,Middle,True,27.274493888643928,0.12788371655014885
28,4,Back,True,312550.014351085,0.9172365413859054
28,5,Front,True,170370.0711852581,0.8402173397526751
28,5,Middle,True,137974.46640769753,0.1823517782068259
28,5,Back,True,673180.5719599733,0.8969467091790284
28,6,Front,True,189523.8266072687,0.8566367022409311
28,6,Middle,True,125311.68981735819,0.22825986868975612
28,6,Back,True,182941.77663489786,0.922661274871381
28,7,Front,True,254083.58666909425,0.8385806121972866
28,7,Middle,True,215250.85729959476,0.2873538036641683
28,7,Back,True,332455.3174709957,0.9288427429689562
28,8,Front,True,516449.42410837044,0.8331493201532174
28,8,Middle,True,126436.48211899161,0.2903066469151643
28,8,Back,True,321090.15035607805,0.9247679944415125
28,9,Front,True,81478.531657054,0.8210668088506015
28,9,Middle,True,144016.04250389783,0.336143297722031
28,9,Back,True,305411.8056824861,0.9190327382410617
28,10,Front,True,166438.35461013502,0.840397197478378
28,10,Middle,True,316652.9892734112,0.3569993827402508
28,10,Back,True,309848.8125482441,0.9284351813911702
29,1,Front,True,91682.53001634794,0.7143786928239776
29,1,Middle,True,118706.9502818489,0.1189764821331245
29,1,Back,True,536482.6650479132,0.8586102892355014
29,2,Front,True,199941.8656054874,0.6097871754765025
29,2,Middle,True,53794.465518790086,0.3821223328898904
29,2,Back,True,217045.72641389014,0.8769245339822233
29,3,Front,True,161116.07138079064,0.7094498677470246
29,3,Middle,True,35.60326575841272,0.31459210788187
29,3,Back,True,92594.66165326792,0.8946699220709347
29,4,Front,True,321140.4409945115,0.5921094369687228
29,4,Middle,True,68560.166140955,0.4219415394592577
29,4,Back,True,219201.56834349263,0.8540601348526147
29,5,Front,True,163401.19011035503,0.7040321156327511
29,5,Middle,True,0.006413268476682916,0.007522039061482411
29,5,Back,True,252514.3662712563,0.8687233237461782
29,6,Front,True,93668.5281651527,0.7158541003785025
29,6,Middle,True,302943.9741670582,0.291158681242508
29,6,Back,True,392141.16399222304,0.8725928126309258
29,7,Front,True,159168.16300475143,0.6536294529505693
29,7,Middle,True,1465.0882687133374,0.21200276758251124
29,7,Back,True,290160.5007551741,0.862152932940403
29,8,Front,True,59111.29473452986,0.6522944940898066
29,8,Middle,True,132846.81259897602,0.21990068170095334
29,8,Back,True,137786.45155932393,0.8707281155009661
29,9,Front,True,53961.598125117416,0.7113916856233435
29,9,Middle,True,127354.43455526905,0.2937100463550548
29,9,Back,True,65655.86081779435,0.8608263395885242
29,10,Front,True,43469.90838530734,0.6710555266394078
29,10,Middle,True,208577.98973469314,0.196993185787676
29,10,Back,True,164201.59553595178,0.8501125654998059
30,1,Front,True,103791.25990416469,0.8480089400238822
30,1,Middle,True,80531.30764192558,0.12820686113156188
30,1,Back,True,279013.6121130524,0.9164674950012828
30,2,Front,True,84248.75380066995,0.8706144655823993
30,2,Middle,True,40.32949340054978,0.16003467673387273
30,2,Back,True,482200.3448982297,0.906112107161799
30,3,Front,True,52649.37467422228,0.6184620548935409
30,3,Middle,True,123526.85669095194,0.20020150268761772
30,3,Back,True,94245.1905496067,0.8602930908616094
30,4,Front,True,241268.69913710866,0.8470407656140889
30,4,Middle,True,53.5827543678877,0.23118251080474783
30,4,Back,True,297834.651340415,0.9116139034486952
30,5,Front,True,134901.29262222647,0.8519599478752671
30,5,Middle,True,404530.179385725,0.3484385603364921
30,5,Back,True,362926.11239300173,0.9276877658343822
30,6,Front,True,104117.82402354671,0.8649148784344958
30,6,Middle,True,22.27597605941251,0.1688703102275928
30,6,Back,True,179228.0810072731,0.9114311506111861
30,7,Front,True,205817.94222001624,0.807954002312614
30,7,Middle,True,120987.68276662155,0.17527782247262913
30,7,Back,True,446268.5930740837,0.8799323290377732
30,8,Front,True,217192.76583093384,0.7968064136637238
30,8,Middle,True,291649.0760550447,0.2498050558254966
30,8,Back,True,177367.32508686412,0.9119880343023088
30,9,Front,True,371.1102584760711,0.6158514612317918
30,9,Middle,True,31.320119650896135,0.20326966863689877
30,9,Back,True,142946.87539430335,0.8495247632397736
30,10,Front,True,90020.29834566021,0.8395242515477327
30,10,Middle,True,89.01719883519411,0.3547609844585272
30,10,Back,True,298554.49265009863,0.92822419127502
31,1,Front,True,164896.16438518788,0.8555574434077698
31,1,Middle,True,23.04102220690982,0.23528196700191106
31,1,Back,True,111236.81014270417,0.9190415720975416
31,2,Front,True,133437.9788892379,0.7683894066076639
31,2,Middle,True,29.07371763475015,0.1613497088236393
31,2,Back,True,205991.10205345525,0.9031840490436602
31,3,Front,True,568442.9636677465,0.7918180118937694
31,3,Middle,True,207530.78984579907,0.320665005601395
31,3,Back,True,226344.89972574788,0.9255634824019031
31,4,Front,True,261040.43536237793,0.8406495149533927
31,4,Middle,True,87.46362362677066,0.12688989074657364
31,4,Back,True,311062.226304531,0.9026770824953319
31,5,Front,True,223291.52779731664,0.7907832207267272
31,5,Middle,True,15034.466742891065,0.30092398222864103
31,5,Back,True,175046.60298019886,0.9039214323350395
31,6,Front,True,117940.49316911331,0.8563624735925082
31,6,Middle,True,100819.93163804585,0.1278353438224148
31,6,Back,True,226856.1598337906,0.8781315559526844
31,7,Front,True,199728.64983353228,0.8102987908533925
31,7,Middle,True,124854.9372735156,0.38359192112418183
31,7,Back,True,144554.33816649538,0.9207851016331499
31,8,Front,True,339503.4729014711,0.8240010523973844
31,8,Middle,True,108280.63184946652,0.24295377007476016
31,8,Back,True,185922.431104059,0.8998480316963561
31,9,Front,True,171.75927909515528,0.4118350012287547
31,9,Middle,True,162.72649505757533,0.34662163275844615
31,9,Back,True,120085.35806241902,0.8282147638963363
31,10,Front,True,241965.64412158227,0.8131455956003422
31,10,Middle,True,278305.6233063621,0.3148810175601444
31,10,Back,True,491534.1834304424,0.9152397691204884
32,1,Front,True,52.74329030067538,0.2618051486660744
32,1,Middle,True,100671.84058613976,0.165745022307053
32,1,Back,True,270546.86246147327,0.7023676074310551
32,2,Front,True,68816.06846296278,0.08282299078673372
32,2,Middle,True,230601.4906888794,0.29166535389054304
32,2,Back,True,339562.780025772,0.705263632394834
32,3,Front,True,640.0659122309548,0.5142279884946039
32,3,Middle,True,139199.2403672042,0.20200726876901431
32,3,Back,True,143336.0260192738,0.8366426987950202
32,4,Front,True,183920.85514275116,0.35213176074453045
32,4,Middle,True,31.509692654708058,0.14495038096796797
32,4,Back,True,242187.75567289928,0.704652046925049
32,5,Front,True,5300.703369163457,0.10696728608004957
32,5,Middle,True,190675.79340425468,0.3714722539075983
32,5,Back,True,122430.74285163818,0.8129309665829566
32,6,Front,True,112112.7488251742,0.3405487514418952
32,6,Middle,True,84696.78867759209,0.28966988927753745
32,6,Back,True,296921.46310556144,0.7916153215051808
32,7,Front,True,67.83621556245198,0.34328706616233584
32,7,Middle,True,40124.55449702854,0.12829002329175698
32,7,Back,True,260337.13392943572,0.7685943449896303
32,8,Front,True,96.63204723207623,0.19644811263577988
32,8,Middle,True,432166.93335637276,0.33161536555822224
32,8,Back,True,290559.42880124354,0.7332139120249344
32,9,Front,True,287441.1453524813,0.3470851885191757
32,9,Middle,True,97878.82220352437,0.11478175906701094
32,9,Back,True,161278.2904950076,0.7001176751390794
32,10,Front,True,43.81290206361565,0.19279708978146048
32,10,Middle,True,175766.21565411237,0.3416325220299543
32,10,Back,True,256656.26155752008,0.7471809071945259
33,1,Front,True,69017.49294833308,0.7524224834097688
33,1,Middle,True,155329.18211095413,0.09775198172004318
33,1,Back,True,216004.28836614243,0.8840070031768948
33,2,Front,True,104252.65488232048,0.6734084609096319
33,2,Middle,True,1229.7071459475185,0.3755822357212747
33,2,Back,True,284703.405845647,0.881205457187756
33,3,Front,True,158714.32476407487,0.7024758820676215
33,3,Middle,True,75478.41053689923,0.1748918158985493
33,3,Back,True,142064.75626718454,0.8779498064520336
33,4,Front,True,203.92690462007093,0.76413667525289
33,4,Middle,True,56906.952373225395,0.36248945725904
33,4,Back,True,164447.6320622824,0.89816268661804
33,5,Front,True,148315.44949888551,0.5972277856682757
33,5,Middle,True,155510.9565114987,0.28772031148416055
33,5,Back,True,146493.37684741835,0.822874878230118
33,6,Front,True,194732.46058480628,0.725614373505568
33,6,Middle,True,246139.9257851116,0.2842721121599827
33,6,Back,True,272407.2348260064,0.86668728239032
33,7,Front,True,103005.95034807707,0.6749829103125675
33,7,Middle,True,74286.20879341286,0.3141927481239356
33,7,Back,True,147499.27769734187,0.8660447175961539
33,8,Front,True,289637.37306411273,0.7244208514053891
33,8,Middle,True,113835.18257276638,0.20201273717173196
33,8,Back,True,425841.3818284981,0.8931534590015009
33,9,Front,True,158776.68194078706,0.742295583991873
33,9,Middle,True,66951.29145324539,0.1825677887146726
33,9,Back,True,143974.52774447357,0.8716935549241507
33,10,Front,True,41834.94306607314,0.6667397289603176
33,10,Middle,True,120002.90428320756,0.36855904084877966
33,10,Back,True,477668.84333430824,0.9049977859140206
34,1,Front,True,316742.54800384294,0.8249934183373614
34,1,Middle,True,126326.04023660225,0.3233517596328428
34,1,Back,True,334525.3122938622,0.9187254866394178
34,2,Front,True,107114.3475239454,0.8519155649152149
34,2,Middle,True,80.50257549261873,0.3694173622799083
34,2,Back,True,380836.7394913169,0.9231226263718315
34,3,Front,True,125030.31492120796,0.8684169027189373
34,3,Middle,True,24.879828192413164,0.2597383364027015
34,3,Back,True,238392.31770085404,0.9220560099021247
34,4,Front,True,111430.65082964156,0.852488446428535
34,4,Middle,True,384770.34886055667,0.2855850164179963
34,4,Back,True,128733.3046186588,0.9412292578624354
34,5,Front,True,316572.51625031896,0.8787826655907354
34,5,Middle,True,38465.14271163531,0.15060701090894868
34,5,Back,True,305231.1169703313,0.9218552134135846
34,6,Front,True,238146.04325368226,0.8617200546205631
34,6,Middle,True,97273.53111534809,0.047108179025412866
34,6,Back,True,341971.8963750096,0.8977656283731563
34,7,Front,True,165116.24853766165,0.8507468977951246
34,7,Middle,True,23720.31598500102,0.38172275488281515
34,7,Back,True,164459.13296859525,0.9237775818735572
34,8,Front,True,456732.8035455292,0.8049619025205539
34,8,Middle,True,72321.17100202403,0.4628855477556727
34,8,Back,True,647831.5548843138,0.910694011493729
34,9,Front,True,171788.83364988625,0.8460263551157732
34,9,Middle,True,222500.41262717242,0.13520933675230562
34,9,Back,True,372280.0632995037,0.9370684189689786
34,10,Front,True,60473.92681504171,0.8094444617952741
34,10,Middle,True,271656.4242426569,0.18944964107873452
34,10,Back,True,187871.20059896173,0.9038845570879165
35,1,Front,True,336462.4372697163,0.6115709573287099
35,1,Middle,True,90424.59276748907,0.25548147439423297
35,1,Back,True,579712.7212767993,0.806107494499648
35,2,Front,True,212901.82276666982,0.6289787770054576
35,2,Middle,True,172876.67517635337,0.23050442278795458
35,2,Back,True,172258.48929033644,0.8536390754075339
35,3,Front,True,179684.2192433377,0.6105001940621128
35,3,Middle,True,10.872788600708123,0.23733824096323797
35,3,Back,True,298110.21300530486,0.8471621399149809
35,4,Front,True,365096.1657430076,0.6561637998218716
35,4,Middle,True,152916.7053803663,0.25519647546859214
35,4,Back,True,224955.29001313567,0.844394619917114
35,5,Front,True,87923.85024953961,0.5822031585658143
35,5,Middle,True,0.006702186136758262,0.0020159467456233315
35,5,Back,True,123038.64110237658,0.8549258126928104
35,6,Front,True,57053.08854631736,0.4269640089567577
35,6,Middle,True,82869.45943422089,0.2654011270601676
35,6,Back,True,129657.80595364142,0.8553450163048473
35,7,Front,True,121.08133418420206,0.6085534399829693
35,7,Middle,True,443631.8096535147,0.2160430206342535
35,7,Back,True,154221.05103966664,0.8658784415332643
35,8,Front,True,71693.3961252842,0.46397697624681666
35,8,Middle,True,70862.98928491755,0.34994855025624205
35,8,Back,True,189533.78496667006,0.8346761479274589
35,9,Front,True,64203.02890317803,0.5643821534074797
35,9,Middle,True,68331.10880749371,0.32939127667379364
35,9,Back,True,512701.75150949025,0.8559547395231166
35,10,Front,True,152482.20005452097,0.8740939965333426
35,10,Middle,True,32334.703371285457,0.21055699203420986
35,10,Back,True,87371.05449397492,0.9233090896659919
36,1,Front,True,362833.5587347996,0.7467557893420138
36,1,Middle,True,166467.1523435962,0.20868871343789475
36,1,Back,True,125435.23739393897,0.9022128278928573
36,2,Front,True,35309.69934220085,0.6572537621775176
36,2,Middle,True,0.006286228895874234,0.0015403827747111354
36,2,Back,True,399625.6602824548,0.8202205352405915
36,3,Front,True,288307.8916321743,0.8006238153720359
36,3,Middle,True,86820.17425825685,0.3662040097764193
36,3,Back,True,241756.9218707329,0.9293559923941936
36,4,Front,True,132847.04414055852,0.8445457387082975
36,4,Middle,True,113600.34850378611,0.14194535362543137
36,4,Back,True,182040.34730168933,0.9064996896777485
36,5,Front,True,200362.75261379452,0.8048077453316547
36,5,Middle,True,259.49677054565626,0.3537536661995423
36,5,Back,True,435486.0833775165,0.9095644352862694
36,6,Front,True,63635.48388535664,0.7912076610938171
36,6,Middle,True,159843.095668517,0.28059558254459416
36,6,Back,True,310881.21637954493,0.9147646187047163
36,7,Front,True,80583.45319119653,0.7644468796149302
36,7,Middle,True,16.48879958144714,0.26365141773816614
36,7,Back,True,346826.552618039,0.8997593127909546
36,8,Front,True,257049.85500783927,0.902740013775565
36,8,Middle,True,14.740761383376023,0.14649797927874186
36,8,Back,True,544544.6943719198,0.9338574065978802
36,9,Front,True,68560.99486643805,0.8358102802162684
36,9,Middle,True,76514.83176454072,0.15848792046402072
36,9,Back,True,769655.293568647,0.8911192563506968
36,10,Front,True,229537.5514317059,0.7347547764630986
36,10,Middle,True,70.54032006863287,0.26457376961583257
36,10,Back,True,145166.76164381942,0.8921633203460919
37,1,Front,True,100.09653735021317,0.8314190359295389
37,1,Middle,True,131108.39884809998,0.394297432855241
37,1,Back,True,321886.3284361544,0.9264680294059212
37,2,Front,True,126068.1915338033,0.8461898132493774
37,2,Middle,True,50747.11455487555,0.1891063567303789
37,2,Back,True,152910.60896314564,0.8968489575601403
37,3,Front,True,145539.6272726945,0.8531821917974964
37,3,Middle,True,66371.1810666953,0.24758180555845588
37,3,Back,True,275712.306996596,0.8977924314072012
37,4,Front,True,145631.22707810297,0.9445468457662362
37,4,Middle,True,78.16508352869847,0.18781251301146196
37,4,Back,True,163085.7908648523,0.9502866557869664
37,5,Front,True,71855.9994524016,0.7685483760032598
37,5,Middle,True,629895.604272706,0.24480912183188608
37,5,Back,True,321549.2602415052,0.8924707644948454
37,6,Front,True,184764.57342549594,0.8579532057656584
37,6,Middle,True,160241.33709908416,0.20117628180374902
37,6,Back,True,362058.4949306841,0.9113968242345785
37,7,Front,True,95753.73216179265,0.8700557706505169
37,7,Middle,True,112955.47403211302,0.10416046076716134
37,7,Back,True,149808.14390764767,0.9102092499451975
37,8,Front,True,110368.1101165654,0.8262995137656909
37,8,Middle,True,221022.59976660577,0.31939456639229236
37,8,Back,True,227028.26644247913,0.9154223313918841
37,9,Front,True,259446.39942190572,0.8249852361252263
37,9,Middle,True,97836.8974175214,0.3505744519439088
37,9,Back,True,210023.64056488412,0.9308813582238427
37,10,Front,True,79003.03625728506,0.9026071329343381
37,10,Middle,True,231656.60938610893,0.2188923594228297
37,10,Back,True,474538.5474888027,0.9449260239175411
38,1,Front,True,32466.284809368473,0.4881940041871129
38,1,Middle,True,227214.14041608997,0.2736629742568666
38,1,Back,True,251313.2954799304,0.8066769283991592
38,2,Front,True,141656.24882698274,0.37014490314402904
38,2,Middle,True,206030.4315607148,0.25373473159835136
38,2,Back,True,136155.83661963668,0.7820661915028665
38,3,Front,True,246577.25796268685,0.4309320510830553
38,3,Middle,True,29795.466953511805,0.2727296063500103
38,3,Back,True,136760.68506182192,0.7947146360761737
38,4,Front,True,109468.17206464383,0.5015351319319963
38,4,Middle,True,151039.45849093056,0.12861811775786613
38,4,Back,True,282372.71886557044,0.7895916236085987
38,5,Front,True,23.35793429154675,0.17282042130742659
38,5,Middle,True,166922.50243946887,0.3604051314087129
38,5,Back,True,884797.2558534421,0.7899623305383721
38,6,Front,True,146876.66032956404,0.5978636893539119
38,6,Middle,True,100445.04873328116,0.12121315179557934
38,6,Back,True,520046.5393279803,0.8128732516708976
38,7,Front,True,46057.69513135587,0.40690348701463264
38,7,Middle,True,108638.75425628324,0.31915310033593647
38,7,Back,True,169896.01840568238,0.8235743773136776
38,8,Front,True,120062.48070522884,0.4858922406710161
38,8,Middle,True,90448.6782825317,0.34919662732312684
38,8,Back,True,231595.20106254384,0.8168695210969856
38,9,Front,True,201485.22887905114,0.4609027959697807
38,9,Middle,True,82867.89370051704,0.16409286056948624
38,9,Back,True,364689.13781503163,0.8276239352556891
38,10,Front,True,415.99914863851575,0.5459178255713686
38,10,Middle,True,148417.25761995913,0.15188707994044004
38,10,Back,True,105162.39326914123,0.7921400633427091
39,1,Front,True,264988.8881705866,0.8083191220536187
39,1,Middle,True,74163.87781018676,0.15335201076783278
39,1,Back,True,249924.9689582167,0.8875602524677078
39,2,Front,True,136421.33213929227,0.8156508048142552
39,2,Middle,True,106597.98555710525,0.09643896591455126
39,2,Back,True,136256.18381710618,0.9033279048542163
39,3,Front,True,666284.630367546,0.7777622919286669
39,3,Middle,True,89.79302423240846,0.23692506721084372
39,3,Back,True,220326.32632157762,0.9061067353554654
39,4,Front,True,120324.89067292091,0.8469936442990751
39,4,Middle,True,145.9284587392536,0.30622817983811756
39,4,Back,True,270730.23101725633,0.9450679897198758
39,5,Front,True,133622.34310376982,0.7549315749303833
39,5,Middle,True,157662.9324160374,0.4034242159316477
39,5,Back,True,225641.75735249254,0.910513122422972
39,6,Front,True,125593.39380678712,0.7064441554075938
39,6,Middle,True,103442.68172244649,0.3343247784429699
39,6,Back,True,170562.92558444606,0.8886083293375293
39,7,Front,True,646018.8266014684,0.7194067804049946
39,7,Middle,True,299211.3056891488,0.2645888488904308
39,7,Back,True,115431.41721253784,0.8814520746441775
39,8,Front,True,68837.39127763972,0.7209321609432403
39,8,Middle,True,189011.9085289918,0.3902223591847418
39,8,Back,True,148999.56322846276,0.918067855651463
39,9,Front,True,166453.441221845,0.7779043450378118
39,9,Middle,True,28.36732405912786,0.10886000866981738
39,9,Back,True,189116.81496597576,0.8507669809360545
39,10,Front,True,165850.77406113397,0.7398798264818653
39,10,Middle,True,287090.3474575036,0.34058208219826325
39,10,Back,True,363758.6932174601,0.9010253658090391
40,1,Front,True,88835.44773763251,0.8460364518047035
40,1,Middle,True,15.0225027120921,0.17033479612054503
40,1,Back,True,139938.56060331233,0.898532645738404
40,2,Front,True,408049.671150377,0.8591871170531553
40,2,Middle,True,63394.2022461828,0.18617307239378045
40,2,Back,True,218224.20042784692,0.9020842486683188
40,3,Front,True,264617.5249314654,0.8213846226702546
40,3,Middle,True,120034.8129397876,0.36251941212631955
40,3,Back,True,137025.7148923933,0.9206664561359206
40,4,Front,True,146369.11695731906,0.8418435504197611
40,4,Middle,True,33978.69176782534,0.24176362984651334
40,4,Back,True,92449.64771405589,0.939654237926774
40,5,Front,True,137343.41994217664,0.8806080859320944
40,5,Middle,True,19.619233078313243,0.20765767751712094
40,5,Back,True,541856.3956594008,0.9195829521167259
40,6,Front,True,58536.74811051633,0.8611798964069954
40,6,Middle,True,102376.7921010616,0.20578295026181548
40,6,Back,True,548944.4046758083,0.9090662144321906
40,7,Front,True,116662.31485809464,0.8577707778683588
40,7,Middle,True,154457.329689404,0.1898568907721072
40,7,Back,True,258460.97770571863,0.9143366063020598
40,8,Front,True,216902.21279794123,0.8607211125024582
40,8,Middle,True,23153.160351203795,0.28739763425521736
40,8,Back,True,318488.3808776994,0.9265162834601325
40,9,Front,True,89864.89982475806,0.8870079843600828
40,9,Middle,True,28.18222075101947,0.13896470407323624
40,9,Back,True,439747.9736741727,0.9457162888589389
40,10,Front,True,72976.9979051997,0.848705406203365
40,10,Middle,True,69656.96485294786,0.17424974562777573
40,10,Back,True,158461.70898275467,0.897435901259368
41,1,Front,True,152935.787683113,0.44898488275513426
41,1,Middle,True,131611.7236546178,0.39738584345128003
41,1,Back,True,171235.45077590377,0.8582224866288606
41,2,Front,True,195697.09430571838,0.621056652177076
41,2,Middle,True,118601.61457793611,0.22181053988658272
41,2,Back,True,165760.99985010875,0.8739114587708838
41,3,Front,True,142774.2643168875,0.6229682253799219
41,3,Middle,True,34957.02700779569,0.18325759100804107
41,3,Back,True,155075.1979259503,0.8362161838229222
41,4,Front,True,300710.8993443916,0.6841431559913351
41,4,Middle,True,87365.73611575524,0.2886187676958104
41,4,Back,True,119981.72071848536,0.8548700902824462
41,5,Front,True,25192.749581081833,0.5805798956328574
41,5,Middle,True,704.8258190273052,0.42911869068709074
41,5,Back,True,379878.95306354505,0.8657869093517178
41,6,Front,True,270126.8141086293,0.7695829098459357
41,6,Middle,True,245489.2942249305,0.14126084944208128
41,6,Back,True,179456.83854254027,0.8612427619446106
41,7,Front,True,124174.67101948202,0.6376965227618872
41,7,Middle,True,124249.1215555674,0.11745962684707123
41,7,Back,True,213441.1773286824,0.7995999831205287
41,8,Front,True,114756.7860913675,0.7080955003514737
41,8,Middle,True,115689.42581447575,0.18901055994449845
41,8,Back,True,222391.684423631,0.8563620353269591
41,9,Front,True,51990.43962152068,0.5923827461958067
41,9,Middle,True,460242.797085939,0.3365953379031146
41,9,Back,True,212279.86883610356,0.880501168476035
41,10,Front,True,105664.57717669169,0.6900634063531453
41,10,Middle,True,87419.38363985244,0.11181521113570692
41,10,Back,True,132782.47272491024,0.8407466778440513
42,1,Front,True,46060.77910687212,0.39456455686712943
42,1,Middle,True,77.19364347218502,0.2706738307630491
42,1,Back,True,274395.81433717214,0.7928807678516889
42,2,Front,True,234825.03544300527,0.7787731807962075
42,2,Middle,True,165915.84562709092,0.23706334542037644
42,2,Back,True,551970.0136124002,0.89175013150362
42,3,Front,True,124470.76622769528,0.5647526572242807
42,3,Middle,True,123863.99849329563,0.15208862187795924
42,3,Back,True,118169.06027406495,0.7438613851531148
42,4,Front,True,313630.7934888636,0.8092368055315182
42,4,Middle,True,165932.4134243703,0.2886957359869653
42,4,Back,True,215953.60457401146,0.9256281900058758
42,5,Front,True,111.1745803747903,0.38146523621578754
42,5,Middle,True,163.656208485068,0.4144311493351749
42,5,Back,True,362389.7381830877,0.8352853169453178
42,6,Front,True,164365.5639291658,0.44949152111291346
42,6,Middle,True,263.8633521751267,0.397663636698958
42,6,Back,True,115352.66543879811,0.7938509483924971
42,7,Front,True,208329.63955750343,0.5499925441613889
42,7,Middle,True,56062.37961102959,0.19762166299289374
42,7,Back,True,143311.72484394786,0.8167606401976967
42,8,Front,True,118209.29460415163,0.32595374086684015
42,8,Middle,True,118777.95038096607,0.2937308692512216
42,8,Back,True,323204.2506968478,0.8215009696732428
42,9,Front,True,258857.99201959238,0.3664328218319052
42,9,Middle,True,253301.2148704461,0.4011237761295833
42,9,Back,True,139512.85089142484,0.854528398521934
42,10,Front,True,110590.46918148194,0.5075173142171507
42,10,Middle,True,200378.97263945313,0.2467735727479201
42,10,Back,True,255036.1511321431,0.8448388193229108
43,1,Front,True,78095.80832334829,0.8263355443124268
43,1,Middle,True,80395.29885392483,0.2515069827229326
43,1,Back,True,538552.3893827695,0.9203704379083091
43,2,Front,True,210933.68559336977,0.8261600786315677
43,2,Middle,True,132230.49804886788,0.1282674088913932
43,2,Back,True,686275.2555356133,0.9063074856940202
43,3,Front,True,251985.722527018,0.87345104438898
43,3,Middle,True,95883.89330691981,0.31600667184414366
43,3,Back,True,272488.7815599815,0.9220902281790014
43,4,Front,True,234098.597139781,0.8423118332144353
43,4,Middle,True,158876.06894086138,0.36941897338050333
43,4,Back,True,558985.341184209,0.9312379881217974
43,5,Front,True,363403.5846457307,0.8680064587433913
43,5,Middle,True,9.084647577079323,0.09588407003952537
43,5,Back,True,181201.88836040482,0.9240554829787052
43,6,Front,True,140373.04246423003,0.8440707379479196
43,6,Middle,True,48341.21457606608,0.26501165957968065
43,6,Back,True,156675.80140248936,0.9217335390915928
43,7,Front,True,102968.89067721246,0.8798174550885794
43,7,Middle,True,642990.5402813104,0.24901994750929013
43,7,Back,True,189768.22217405535,0.936493237428122
43,8,Front,True,170169.40714973604,0.7977909122134483
43,8,Middle,True,21.55045995342658,0.1729679627067645
43,8,Back,True,298437.4937405668,0.9157726255587371
43,9,Front,True,359485.4939196618,0.8686070814877005
43,9,Middle,True,60142.36764803755,0.33424269632107106
43,9,Back,True,253912.0644417169,0.9141539715208155
43,10,Front,True,192616.09109089372,0.8540418021157473
43,10,Middle,True,39858.50212188278,0.1657862515464259
43,10,Back,True,182734.05202306443,0.9047732353933113
44,1,Front,True,161632.75353893565,0.6510880377305395
44,1,Middle,True,111924.34667366216,0.32137754369431804
44,1,Back,True,206864.68192292494,0.8560345793260273
44,2,Front,True,204874.18592114435,0.6598838680509094
44,2,Middle,True,98076.32323768229,0.28689081762906476
44,2,Back,True,194651.4374532202,0.8730547502425378
44,3,Front,True,53595.30746662482,0.7032198345571907
44,3,Middle,True,29.31927008746862,0.2734688299080571
44,3,Back,True,334521.0051827466,0.8820250023681898
44,4,Front,True,85552.64969045023,0.7508335054296446
44,4,Middle,True,64.23754456043334,0.18870031498785733
44,4,Back,True,147754.94801191197,0.8692398953445152
44,5,Front,True,275302.3361482109,0.7844844695909932
44,5,Middle,True,440.3819008127652,0.16934749455059828
44,5,Back,True,141717.14504535613,0.8620705890404012
44,6,Front,True,92062.435303166,0.7455972812646643
44,6,Middle,True,160381.5316417663,0.35985843607227197
44,6,Back,True,97239.97873081287,0.900088916912263
44,7,Front,True,207188.37445343006,0.7531480753450375
44,7,Middle,True,53.450696155790105,0.34623236057665097
44,7,Back,True,429795.23322578083,0.8951994187703632
44,8,Front,True,153.52430390549446,0.6218430698100785
44,8,Middle,True,56792.72524609584,0.28228768430745754
44,8,Back,True,98865.93637285533,0.8728610829671625
44,9,Front,True,70836.67423000804,0.6810199923271524
44,9,Middle,True,366761.8573209929,0.36005601743577464
44,9,Back,True,187465.13387679128,0.8502295916083656
44,10,Front,True,61538.69484382973,0.6970059890384797
44,10,Middle,True,77533.16232323789,0.3346663488627868
44,10,Back,True,226828.79629887734,0.9018621629875632
45,1,Front,True,36083.37705920535,0.5655845240560919
45,1,Middle,True,227137.42213982638,0.2126756598555396
45,1,Back,True,112475.94295560027,0.8614467978363853
45,2,Front,True,131279.7664290592,0.5960248938243276
45,2,Middle,True,169132.27423465374,0.3448561555534274
45,2,Back,True,734428.6402228349,0.8680368512975698
45,3,Front,True,69.37651603095374,0.6957049823804377
45,3,Middle,True,1245.8222443268853,0.29783383290571164
45,3,Back,True,116550.61446029054,0.8939228904376955
45,4,Front,True,128982.50624631757,0.6857445506941293
45,4,Middle,True,127044.35660664226,0.27045039717275565
45,4,Back,True,343584.63147346897,0.8864021212944571
45,5,Front,True,180743.64011793936,0.5472023482917685
45,5,Middle,True,89019.63645001443,0.2732276857088718
45,5,Back,True,158866.81931974058,0.863640793226975
45,6,Front,True,197820.128408491,0.6822070115936858
45,6,Middle,True,117044.83990238518,0.3474602619977569
45,6,Back,True,141046.8482574569,0.8744480493374805
45,7,Front,True,52662.54005530653,0.6928006315469533
45,7,Middle,True,132355.35962176597,0.13028337720145478
45,7,Back,True,360194.59337026137,0.8583919857651056
45,8,Front,True,133531.96945216157,0.8534282179465713
45,8,Middle,True,105537.98885088201,0.3593966030981913
45,8,Back,True,438861.75733465294,0.9312170770889946
45,9,Front,True,108430.40755187231,0.7399475029687326
45,9,Middle,True,95012.34584162678,0.12513503469350507
45,9,Back,True,323843.8438593102,0.8523806002507468
45,10,Front,True,85292.95190402202,0.7227814847744516
45,10,Middle,True,125879.92029381031,0.2095387792315513
45,10,Back,True,429493.7921106078,0.8647265137687091
46,1,Front,True,192581.3154663168,0.8410068538205744
46,1,Middle,True,437780.5287803082,0.33239966057879855
46,1,Back,True,317620.20656290336,0.9163667176574771
46,2,Front,True,331037.24230796524,0.8487891664618397
46,2,Middle,True,44633.89837656214,0.28246490817989234
46,2,Back,True,268432.25203244144,0.9125703962288534
46,3,Front,True,61318.16972330104,0.8005242830806485
46,3,Middle,True,369006.9854933311,0.35086287884060297
46,3,Back,True,219088.71406284004,0.9235348560034298
46,4,Front,True,1132676.9586548572,0.8205771147913554
46,4,Middle,True,480297.269906129,0.3817572772743022
46,4,Back,True,498244.15722852777,0.9069338595883696
46,5,Front,True,340159.8088755072,0.8575315180351843
46,5,Middle,True,91662.36578787671,0.28836046040170304
46,5,Back,True,257588.77184639807,0.9309877065977903
46,6,Front,True,556815.3491943491,0.8687022531731637
46,6,Middle,True,0.00545859235837322,0.03671697427125997
46,6,Back,True,197691.2684997861,0.9104659900183637
46,7,Front,True,121273.2159151879,0.8651615986272703
46,7,Middle,True,91865.33772450399,0.28243066890738955
46,7,Back,True,730262.7141341139,0.9406593823446178
46,8,Front,True,458630.6523314407,0.8650179463552711
46,8,Middle,True,25.083261310327707,0.2296466516261657
46,8,Back,True,307705.16027860675,0.9377089113021361
46,9,Front,True,292964.52644613193,0.869469830538455
46,9,Middle,True,92481.69243183285,0.27776870407395793
46,9,Back,True,612787.9527638541,0.9045524118278181
46,10,Front,True,275311.5704157154,0.8487389946341937
46,10,Middle,True,179366.66250794596,0.19823057551974743
46,10,Back,True,251753.54606517358,0.9168998382946614
47,1,Front,True,129818.00348482971,0.6821776959591896
47,1,Middle,True,136968.00804364693,0.3919783808273192
47,1,Back,True,100881.65966629243,0.8759036359109841
47,2,Front,True,97315.46991257393,0.6650504346515085
47,2,Middle,True,112835.47677520731,0.28006992903631767
47,2,Back,True,328460.4854719674,0.8612573883406094
47,3,Front,True,214867.74805944323,0.6673692986605444
47,3,Middle,True,59.107608919982006,0.1899845256126823
47,3,Back,True,399711.61536634376,0.8796479161961684
47,4,Front,True,101280.73485664235,0.6937758875377833
47,4,Middle,True,114199.4851080957,0.30271616015898695
47,4,Back,True,243911.0696458621,0.8803909964082678
47,5,Front,True,1043.4314932030088,0.6060625213740645
47,5,Middle,True,80581.21551781999,0.3309664350515018
47,5,Back,True,335301.71613058005,0.882927035710583
47,6,Front,True,39589.68720192925,0.40537704819866605
47,6,Middle,True,219160.2490706488,0.1063732203219846
47,6,Back,True,106792.60242365958,0.7348802547158344
47,7,Front,True,429349.94330219436,0.6828546479793176
47,7,Middle,True,174536.27496746587,0.21580089863092256
47,7,Back,True,94017.2275481495,0.818516200976463
47,8,Front,True,207735.61390668646,0.7189944993262194
47,8,Middle,True,323404.434196707,0.17836539452228206
47,8,Back,True,365548.3283066854,0.828357134409685
47,9,Front,True,281612.0028260899,0.7201498150213163
47,9,Middle,True,46.28100952032148,0.22112619196286298
47,9,Back,True,338468.5127260453,0.8673974574179636
47,10,Front,True,126494.71057132048,0.7184104264675876
47,10,Middle,True,181723.74218147428,0.17467897551342348
47,10,Back,True,290691.4598415439,0.8793096659489207
48,1,Front,True,289750.84313609835,0.551282107659082
48,1,Middle,True,96315.24064402895,0.2869940232704331
48,1,Back,True,302230.9091174271,0.8421331389111497
48,2,Front,True,70332.8868724424,0.6161064287151352
48,2,Middle,True,52769.60357522616,0.2699573765819695
48,2,Back,True,190928.0314943277,0.8544759192416399
48,3,Front,True,128926.15812686662,0.4246525585455827
48,3,Middle,True,185081.32960119192,0.33081146706051356
48,3,Back,True,229189.35545279502,0.8296517540390569
48,4,Front,True,283906.9791239642,0.5313669813736024
48,4,Middle,True,62868.62076009091,0.347647404292721
48,4,Back,True,253040.73461865832,0.8201304139941832
48,5,Front,True,46014.24868351937,0.5326358582210782
48,5,Middle,True,83656.49789010479,0.49852469843450853
48,5,Back,True,336616.57219701976,0.8498431756072011
48,6,Front,True,57233.244835411264,0.661057586352426
48,6,Middle,True,234593.25139159127,0.1318343181369348
48,6,Back,True,450671.87704692926,0.8566562425922081
48,7,Front,True,106762.79711535585,0.6004476054162985
48,7,Middle,True,79717.0474066232,0.17486959849477113
48,7,Back,True,433191.0113816384,0.8169778158640513
48,8,Front,True,41683.68787032663,0.4418511053405866
48,8,Middle,True,169678.27022829244,0.3254368569386962
48,8,Back,True,397719.57539511885,0.8158915560885915
48,9,Front,True,170999.95259138057,0.5726985973467109
48,9,Middle,True,337422.321752678,0.3520476404529509
48,9,Back,True,114846.71735218828,0.8729750795620127
48,10,Front,True,90886.33863446274,0.5971474510326087
48,10,Middle,True,131767.61442638823,0.22522594576691501
48,10,Back,True,230368.85050324837,0.8476970192664062
