group1,group2,meandiff,p-adj,lower,upper,reject
13,14,-0.0703,0.5384,-0.1636,0.023,False
13,15,-0.1114,0.0028,-0.2046,-0.0181,True
13,16,0.013,1.0,-0.0803,0.1063,False
13,17,-0.0492,0.987,-0.1425,0.0441,False
13,18,-0.0642,0.7397,-0.1575,0.0291,False
13,19,-0.0007,1.0,-0.094,0.0926,False
13,20,-0.0612,0.8238,-0.1545,0.032,False
13,21,-0.0613,0.823,-0.1546,0.032,False
13,22,-0.0071,1.0,-0.1004,0.0862,False
13,23,-0.1728,0.0,-0.2661,-0.0795,True
13,24,-0.0403,0.9996,-0.1336,0.053,False
13,25,-0.0199,1.0,-0.1132,0.0734,False
13,26,-0.1129,0.0021,-0.2062,-0.0196,True
13,27,-0.0167,1.0,-0.11,0.0766,False
13,28,0.0012,1.0,-0.0921,0.0945,False
13,29,-0.1223,0.0004,-0.2156,-0.029,True
13,30,-0.0498,0.9845,-0.1431,0.0435,False
13,31,-0.0579,0.8981,-0.1511,0.0354,False
13,32,-0.4591,0.0,-0.5524,-0.3658,True
13,33,-0.1053,0.008,-0.1986,-0.012,True
13,34,-0.0082,1.0,-0.1014,0.0851,False
13,35,-0.1727,0.0,-0.266,-0.0794,True
13,36,-0.0461,0.9953,-0.1394,0.0472,False
13,37,-0.0028,1.0,-0.0961,0.0905,False
13,38,-0.2988,0.0,-0.392,-0.2055,True
13,39,-0.0555,0.9361,-0.1487,0.0378,False
13,40,0.0002,1.0,-0.0931,0.0935,False
13,41,-0.1575,0.0,-0.2508,-0.0642,True
13,42,-0.2326,0.0,-0.3259,-0.1393,True
13,43,-0.0025,1.0,-0.0958,0.0908,False
13,44,-0.1035,0.0108,-0.1968,-0.0102,True
13,45,-0.123,0.0003,-0.2163,-0.0297,True
13,46,-0.0043,1.0,-0.0976,0.0889,False
13,47,-0.1356,0.0,-0.2289,-0.0423,True
13,48,-0.2004,0.0,-0.2937,-0.1071,True
14,15,-0.0411,0.9994,-0.1343,0.0522,False
14,16,0.0833,0.1732,-0.01,0.1766,False
14,17,0.0211,1.0,-0.0722,0.1144,False
14,18,0.0061,1.0,-0.0872,0.0993,False
14,19,0.0696,0.5628,-0.0237,0.1629,False
14,20,0.0091,1.0,-0.0842,0.1023,False
14,21,0.009,1.0,-0.0843,0.1023,False
14,22,0.0632,0.7707,-0.0301,0.1565,False
14,23,-0.1025,0.0126,-0.1958,-0.0092,True
14,24,0.03,1.0,-0.0633,0.1233,False
14,25,0.0504,0.9813,-0.0429,0.1437,False
14,26,-0.0426,0.9988,-0.1359,0.0507,False
14,27,0.0536,0.958,-0.0397,0.1468,False
14,28,0.0715,0.4959,-0.0218,0.1648,False
14,29,-0.052,0.9715,-0.1453,0.0413,False
14,30,0.0205,1.0,-0.0728,0.1138,False
14,31,0.0124,1.0,-0.0808,0.1057,False
14,32,-0.3888,0.0,-0.4821,-0.2955,True
14,33,-0.035,1.0,-0.1283,0.0583,False
14,34,0.0621,0.8001,-0.0311,0.1554,False
14,35,-0.1024,0.0128,-0.1957,-0.0091,True
14,36,0.0242,1.0,-0.0691,0.1175,False
14,37,0.0675,0.6344,-0.0258,0.1608,False
14,38,-0.2285,0.0,-0.3218,-0.1352,True
14,39,0.0148,1.0,-0.0784,0.1081,False
14,40,0.0705,0.5308,-0.0228,0.1638,False
14,41,-0.0872,0.1103,-0.1805,0.0061,False
14,42,-0.1623,0.0,-0.2556,-0.069,True
14,43,0.0678,0.6245,-0.0255,0.1611,False
14,44,-0.0332,1.0,-0.1265,0.0601,False
14,45,-0.0527,0.9659,-0.146,0.0406,False
14,46,0.066,0.6856,-0.0273,0.1592,False
14,47,-0.0653,0.706,-0.1586,0.028,False
14,48,-0.1301,0.0001,-0.2234,-0.0368,True
15,16,0.1243,0.0002,0.031,0.2176,True
15,17,0.0622,0.7991,-0.0311,0.1555,False
15,18,0.0471,0.9933,-0.0462,0.1404,False
15,19,0.1106,0.0032,0.0174,0.2039,True
15,20,0.0501,0.9829,-0.0432,0.1434,False
15,21,0.0501,0.983,-0.0432,0.1434,False
15,22,0.1043,0.0095,0.011,0.1975,True
15,23,-0.0615,0.8184,-0.1547,0.0318,False
15,24,0.071,0.5128,-0.0222,0.1643,False
15,25,0.0915,0.0639,-0.0018,0.1848,False
15,26,-0.0016,1.0,-0.0949,0.0917,False
15,27,0.0946,0.0416,0.0013,0.1879,True
15,28,0.1126,0.0023,0.0193,0.2059,True
15,29,-0.0109,1.0,-0.1042,0.0824,False
15,30,0.0616,0.815,-0.0317,0.1549,False
15,31,0.0535,0.9586,-0.0398,0.1468,False
15,32,-0.3478,0.0,-0.4411,-0.2545,True
15,33,0.006,1.0,-0.0873,0.0993,False
15,34,0.1032,0.0113,0.0099,0.1965,True
15,35,-0.0614,0.8203,-0.1547,0.0319,False
15,36,0.0652,0.7094,-0.0281,0.1585,False
15,37,0.1086,0.0046,0.0153,0.2018,True
15,38,-0.1874,0.0,-0.2807,-0.0941,True
15,39,0.0559,0.9299,-0.0374,0.1492,False
15,40,0.1116,0.0027,0.0183,0.2049,True
15,41,-0.0461,0.9953,-0.1394,0.0472,False
15,42,-0.1212,0.0005,-0.2145,-0.0279,True
15,43,0.1088,0.0044,0.0156,0.2021,True
15,44,0.0079,1.0,-0.0854,0.1012,False
15,45,-0.0116,1.0,-0.1049,0.0817,False
15,46,0.107,0.006,0.0137,0.2003,True
15,47,-0.0243,1.0,-0.1176,0.069,False
15,48,-0.0891,0.0873,-0.1824,0.0042,False
16,17,-0.0622,0.7999,-0.1554,0.0311,False
16,18,-0.0772,0.3166,-0.1705,0.0161,False
16,19,-0.0137,1.0,-0.107,0.0796,False
16,20,-0.0742,0.4071,-0.1675,0.0191,False
16,21,-0.0743,0.406,-0.1676,0.019,False
16,22,-0.0201,1.0,-0.1134,0.0732,False
16,23,-0.1858,0.0,-0.2791,-0.0925,True
16,24,-0.0533,0.9605,-0.1466,0.04,False
16,25,-0.0329,1.0,-0.1261,0.0604,False
16,26,-0.1259,0.0002,-0.2192,-0.0326,True
16,27,-0.0297,1.0,-0.123,0.0636,False
16,28,-0.0117,1.0,-0.105,0.0815,False
16,29,-0.1353,0.0,-0.2286,-0.042,True
16,30,-0.0628,0.7834,-0.156,0.0305,False
16,31,-0.0708,0.5199,-0.1641,0.0225,False
16,32,-0.4721,0.0,-0.5654,-0.3788,True
16,33,-0.1183,0.0008,-0.2116,-0.025,True
16,34,-0.0211,1.0,-0.1144,0.0722,False
16,35,-0.1857,0.0,-0.279,-0.0924,True
16,36,-0.0591,0.8731,-0.1524,0.0342,False
16,37,-0.0158,1.0,-0.1091,0.0775,False
16,38,-0.3117,0.0,-0.405,-0.2185,True
16,39,-0.0684,0.6024,-0.1617,0.0249,False
16,40,-0.0128,1.0,-0.1061,0.0805,False
16,41,-0.1705,0.0,-0.2638,-0.0772,True
16,42,-0.2456,0.0,-0.3389,-0.1523,True
16,43,-0.0155,1.0,-0.1088,0.0778,False
16,44,-0.1165,0.0011,-0.2097,-0.0232,True
16,45,-0.136,0.0,-0.2293,-0.0427,True
16,46,-0.0173,1.0,-0.1106,0.076,False
16,47,-0.1486,0.0,-0.2419,-0.0553,True
16,48,-0.2134,0.0,-0.3067,-0.1201,True
17,18,-0.0151,1.0,-0.1084,0.0782,False
17,19,0.0485,0.9896,-0.0448,0.1418,False
17,20,-0.0121,1.0,-0.1054,0.0812,False
17,21,-0.0121,1.0,-0.1054,0.0812,False
17,22,0.0421,0.9991,-0.0512,0.1354,False
17,23,-0.1236,0.0003,-0.2169,-0.0303,True
17,24,0.0089,1.0,-0.0844,0.1022,False
17,25,0.0293,1.0,-0.064,0.1226,False
17,26,-0.0638,0.7543,-0.157,0.0295,False
17,27,0.0324,1.0,-0.0609,0.1257,False
17,28,0.0504,0.9814,-0.0429,0.1437,False
17,29,-0.0731,0.4431,-0.1664,0.0202,False
17,30,-0.0006,1.0,-0.0939,0.0927,False
17,31,-0.0087,1.0,-0.102,0.0846,False
17,32,-0.41,0.0,-0.5032,-0.3167,True
17,33,-0.0562,0.9262,-0.1494,0.0371,False
17,34,0.041,0.9994,-0.0523,0.1343,False
17,35,-0.1236,0.0003,-0.2169,-0.0303,True
17,36,0.003,1.0,-0.0903,0.0963,False
17,37,0.0464,0.9948,-0.0469,0.1397,False
17,38,-0.2496,0.0,-0.3429,-0.1563,True
17,39,-0.0063,1.0,-0.0996,0.087,False
17,40,0.0494,0.9862,-0.0439,0.1427,False
17,41,-0.1083,0.0048,-0.2016,-0.015,True
17,42,-0.1834,0.0,-0.2767,-0.0901,True
17,43,0.0467,0.9943,-0.0466,0.14,False
17,44,-0.0543,0.9502,-0.1476,0.039,False
17,45,-0.0738,0.4201,-0.1671,0.0195,False
17,46,0.0448,0.9971,-0.0485,0.1381,False
17,47,-0.0864,0.1206,-0.1797,0.0068,False
17,48,-0.1513,0.0,-0.2446,-0.058,True
18,19,0.0635,0.761,-0.0298,0.1568,False
18,20,0.003,1.0,-0.0903,0.0963,False
18,21,0.003,1.0,-0.0903,0.0963,False
18,22,0.0571,0.9107,-0.0362,0.1504,False
18,23,-0.1086,0.0046,-0.2019,-0.0153,True
18,24,0.0239,1.0,-0.0694,0.1172,False
18,25,0.0444,0.9976,-0.0489,0.1377,False
18,26,-0.0487,0.9888,-0.142,0.0446,False
18,27,0.0475,0.9924,-0.0458,0.1408,False
18,28,0.0655,0.7009,-0.0278,0.1588,False
18,29,-0.058,0.8945,-0.1513,0.0352,False
18,30,0.0145,1.0,-0.0788,0.1078,False
18,31,0.0064,1.0,-0.0869,0.0997,False
18,32,-0.3949,0.0,-0.4882,-0.3016,True
18,33,-0.0411,0.9994,-0.1344,0.0522,False
18,34,0.0561,0.9272,-0.0372,0.1494,False
18,35,-0.1085,0.0047,-0.2018,-0.0152,True
18,36,0.0181,1.0,-0.0752,0.1114,False
18,37,0.0614,0.8189,-0.0319,0.1547,False
18,38,-0.2345,0.0,-0.3278,-0.1412,True
18,39,0.0088,1.0,-0.0845,0.1021,False
18,40,0.0645,0.733,-0.0288,0.1578,False
18,41,-0.0933,0.0503,-0.1865,0.0,False
18,42,-0.1683,0.0,-0.2616,-0.0751,True
18,43,0.0617,0.8113,-0.0316,0.155,False
18,44,-0.0392,0.9998,-0.1325,0.0541,False
18,45,-0.0588,0.8807,-0.152,0.0345,False
18,46,0.0599,0.8562,-0.0334,0.1532,False
18,47,-0.0714,0.5014,-0.1647,0.0219,False
18,48,-0.1362,0.0,-0.2295,-0.0429,True
19,20,-0.0605,0.8414,-0.1538,0.0328,False
19,21,-0.0606,0.8406,-0.1539,0.0327,False
19,22,-0.0064,1.0,-0.0997,0.0869,False
19,23,-0.1721,0.0,-0.2654,-0.0788,True
19,24,-0.0396,0.9997,-0.1329,0.0537,False
19,25,-0.0192,1.0,-0.1125,0.0741,False
19,26,-0.1122,0.0024,-0.2055,-0.0189,True
19,27,-0.016,1.0,-0.1093,0.0773,False
19,28,0.002,1.0,-0.0913,0.0952,False
19,29,-0.1216,0.0004,-0.2149,-0.0283,True
19,30,-0.0491,0.9875,-0.1423,0.0442,False
19,31,-0.0571,0.9106,-0.1504,0.0361,False
19,32,-0.4584,0.0,-0.5517,-0.3651,True
19,33,-0.1046,0.009,-0.1979,-0.0113,True
19,34,-0.0074,1.0,-0.1007,0.0858,False
19,35,-0.172,0.0,-0.2653,-0.0787,True
19,36,-0.0454,0.9963,-0.1387,0.0479,False
19,37,-0.0021,1.0,-0.0954,0.0912,False
19,38,-0.298,0.0,-0.3913,-0.2048,True
19,39,-0.0547,0.9451,-0.148,0.0385,False
19,40,0.0009,1.0,-0.0924,0.0942,False
19,41,-0.1568,0.0,-0.2501,-0.0635,True
19,42,-0.2319,0.0,-0.3252,-0.1386,True
19,43,-0.0018,1.0,-0.0951,0.0915,False
19,44,-0.1028,0.0121,-0.1961,-0.0095,True
19,45,-0.1223,0.0004,-0.2156,-0.029,True
19,46,-0.0036,1.0,-0.0969,0.0897,False
19,47,-0.1349,0.0,-0.2282,-0.0416,True
19,48,-0.1997,0.0,-0.293,-0.1064,True
20,21,-0.0,1.0,-0.0933,0.0933,False
20,22,0.0541,0.952,-0.0391,0.1474,False
20,23,-0.1116,0.0027,-0.2049,-0.0183,True
20,24,0.0209,1.0,-0.0724,0.1142,False
20,25,0.0414,0.9993,-0.0519,0.1347,False
20,26,-0.0517,0.9736,-0.145,0.0416,False
20,27,0.0445,0.9974,-0.0488,0.1378,False
20,28,0.0625,0.7909,-0.0308,0.1558,False
20,29,-0.061,0.8288,-0.1543,0.0322,False
20,30,0.0115,1.0,-0.0818,0.1048,False
20,31,0.0034,1.0,-0.0899,0.0967,False
20,32,-0.3979,0.0,-0.4912,-0.3046,True
20,33,-0.0441,0.9978,-0.1374,0.0492,False
20,34,0.0531,0.9624,-0.0402,0.1464,False
20,35,-0.1115,0.0028,-0.2048,-0.0182,True
20,36,0.0151,1.0,-0.0782,0.1084,False
20,37,0.0584,0.887,-0.0349,0.1517,False
20,38,-0.2375,0.0,-0.3308,-0.1442,True
20,39,0.0058,1.0,-0.0875,0.0991,False
20,40,0.0615,0.8182,-0.0318,0.1548,False
20,41,-0.0963,0.0329,-0.1895,-0.003,True
20,42,-0.1713,0.0,-0.2646,-0.078,True
20,43,0.0587,0.8812,-0.0346,0.152,False
20,44,-0.0422,0.999,-0.1355,0.0511,False
20,45,-0.0618,0.8107,-0.155,0.0315,False
20,46,0.0569,0.9146,-0.0364,0.1502,False
20,47,-0.0744,0.4023,-0.1677,0.0189,False
20,48,-0.1392,0.0,-0.2325,-0.0459,True
21,22,0.0542,0.9516,-0.0391,0.1475,False
21,23,-0.1115,0.0028,-0.2048,-0.0182,True
21,24,0.021,1.0,-0.0723,0.1143,False
21,25,0.0414,0.9993,-0.0519,0.1347,False
21,26,-0.0517,0.9738,-0.1449,0.0416,False
21,27,0.0445,0.9974,-0.0488,0.1378,False
21,28,0.0625,0.79,-0.0308,0.1558,False
21,29,-0.061,0.8297,-0.1543,0.0323,False
21,30,0.0115,1.0,-0.0818,0.1048,False
21,31,0.0034,1.0,-0.0899,0.0967,False
21,32,-0.3979,0.0,-0.4911,-0.3046,True
21,33,-0.044,0.9979,-0.1373,0.0492,False
21,34,0.0531,0.9621,-0.0402,0.1464,False
21,35,-0.1115,0.0028,-0.2048,-0.0182,True
21,36,0.0151,1.0,-0.0782,0.1084,False
21,37,0.0585,0.8863,-0.0348,0.1518,False
21,38,-0.2375,0.0,-0.3308,-0.1442,True
21,39,0.0058,1.0,-0.0875,0.0991,False
21,40,0.0615,0.8174,-0.0318,0.1548,False
21,41,-0.0962,0.033,-0.1895,-0.0029,True
21,42,-0.1713,0.0,-0.2646,-0.078,True
21,43,0.0588,0.8805,-0.0345,0.1521,False
21,44,-0.0422,0.999,-0.1355,0.0511,False
21,45,-0.0617,0.8116,-0.155,0.0316,False
21,46,0.0569,0.9141,-0.0364,0.1502,False
21,47,-0.0743,0.4033,-0.1676,0.0189,False
21,48,-0.1392,0.0,-0.2324,-0.0459,True
22,23,-0.1657,0.0,-0.259,-0.0724,True
22,24,-0.0332,1.0,-0.1265,0.0601,False
22,25,-0.0128,1.0,-0.1061,0.0805,False
22,26,-0.1058,0.0074,-0.1991,-0.0125,True
22,27,-0.0096,1.0,-0.1029,0.0837,False
22,28,0.0083,1.0,-0.0849,0.1016,False
22,29,-0.1152,0.0014,-0.2085,-0.0219,True
22,30,-0.0427,0.9988,-0.136,0.0506,False
22,31,-0.0508,0.9795,-0.144,0.0425,False
22,32,-0.452,0.0,-0.5453,-0.3587,True
22,33,-0.0982,0.0246,-0.1915,-0.0049,True
22,34,-0.0011,1.0,-0.0943,0.0922,False
22,35,-0.1656,0.0,-0.2589,-0.0723,True
22,36,-0.039,0.9998,-0.1323,0.0543,False
22,37,0.0043,1.0,-0.089,0.0976,False
22,38,-0.2917,0.0,-0.3849,-0.1984,True
22,39,-0.0484,0.99,-0.1416,0.0449,False
22,40,0.0073,1.0,-0.086,0.1006,False
22,41,-0.1504,0.0,-0.2437,-0.0571,True
22,42,-0.2255,0.0,-0.3188,-0.1322,True
22,43,0.0046,1.0,-0.0887,0.0979,False
22,44,-0.0964,0.0323,-0.1897,-0.0031,True
22,45,-0.1159,0.0012,-0.2092,-0.0226,True
22,46,0.0028,1.0,-0.0905,0.096,False
22,47,-0.1285,0.0001,-0.2218,-0.0352,True
22,48,-0.1933,0.0,-0.2866,-0.1,True
23,24,0.1325,0.0,0.0392,0.2258,True
23,25,0.1529,0.0,0.0596,0.2462,True
23,26,0.0599,0.8566,-0.0334,0.1532,False
23,27,0.1561,0.0,0.0628,0.2494,True
23,28,0.1741,0.0,0.0808,0.2673,True
23,29,0.0505,0.9808,-0.0428,0.1438,False
23,30,0.123,0.0003,0.0298,0.2163,True
23,31,0.115,0.0015,0.0217,0.2082,True
23,32,-0.2863,0.0,-0.3796,-0.193,True
23,33,0.0675,0.6347,-0.0258,0.1608,False
23,34,0.1647,0.0,0.0714,0.2579,True
23,35,0.0001,1.0,-0.0932,0.0934,False
23,36,0.1267,0.0002,0.0334,0.22,True
23,37,0.17,0.0,0.0767,0.2633,True
23,38,-0.1259,0.0002,-0.2192,-0.0327,True
23,39,0.1174,0.0009,0.0241,0.2106,True
23,40,0.173,0.0,0.0797,0.2663,True
23,41,0.0153,1.0,-0.078,0.1086,False
23,42,-0.0598,0.859,-0.1531,0.0335,False
23,43,0.1703,0.0,0.077,0.2636,True
23,44,0.0693,0.5714,-0.024,0.1626,False
23,45,0.0498,0.9843,-0.0435,0.1431,False
23,46,0.1685,0.0,0.0752,0.2618,True
23,47,0.0372,0.9999,-0.0561,0.1305,False
23,48,-0.0276,1.0,-0.1209,0.0657,False
24,25,0.0204,1.0,-0.0729,0.1137,False
24,26,-0.0726,0.4596,-0.1659,0.0207,False
24,27,0.0236,1.0,-0.0697,0.1169,False
24,28,0.0416,0.9993,-0.0517,0.1348,False
24,29,-0.082,0.1993,-0.1753,0.0113,False
24,30,-0.0095,1.0,-0.1027,0.0838,False
24,31,-0.0175,1.0,-0.1108,0.0757,False
24,32,-0.4188,0.0,-0.5121,-0.3255,True
24,33,-0.065,0.7157,-0.1583,0.0283,False
24,34,0.0322,1.0,-0.0611,0.1255,False
24,35,-0.1324,0.0,-0.2257,-0.0391,True
24,36,-0.0058,1.0,-0.0991,0.0875,False
24,37,0.0375,0.9999,-0.0558,0.1308,False
24,38,-0.2584,0.0,-0.3517,-0.1652,True
24,39,-0.0151,1.0,-0.1084,0.0781,False
24,40,0.0405,0.9996,-0.0528,0.1338,False
24,41,-0.1172,0.001,-0.2105,-0.0239,True
24,42,-0.1923,0.0,-0.2856,-0.099,True
24,43,0.0378,0.9999,-0.0555,0.1311,False
24,44,-0.0632,0.7718,-0.1565,0.0301,False
24,45,-0.0827,0.1849,-0.176,0.0106,False
24,46,0.036,1.0,-0.0573,0.1293,False
24,47,-0.0953,0.0377,-0.1886,-0.002,True
24,48,-0.1601,0.0,-0.2534,-0.0668,True
25,26,-0.0931,0.0517,-0.1863,0.0002,False
25,27,0.0031,1.0,-0.0902,0.0964,False
25,28,0.0211,1.0,-0.0722,0.1144,False
25,29,-0.1024,0.0128,-0.1957,-0.0091,True
25,30,-0.0299,1.0,-0.1232,0.0634,False
25,31,-0.038,0.9999,-0.1313,0.0553,False
25,32,-0.4393,0.0,-0.5325,-0.346,True
25,33,-0.0855,0.1357,-0.1787,0.0078,False
25,34,0.0117,1.0,-0.0816,0.105,False
25,35,-0.1529,0.0,-0.2462,-0.0596,True
25,36,-0.0263,1.0,-0.1196,0.067,False
25,37,0.0171,1.0,-0.0762,0.1104,False
25,38,-0.2789,0.0,-0.3722,-0.1856,True
25,39,-0.0356,1.0,-0.1289,0.0577,False
25,40,0.0201,1.0,-0.0732,0.1134,False
25,41,-0.1376,0.0,-0.2309,-0.0443,True
25,42,-0.2127,0.0,-0.306,-0.1194,True
25,43,0.0174,1.0,-0.0759,0.1107,False
25,44,-0.0836,0.1673,-0.1769,0.0097,False
25,45,-0.1031,0.0115,-0.1964,-0.0098,True
25,46,0.0155,1.0,-0.0778,0.1088,False
25,47,-0.1157,0.0013,-0.209,-0.0225,True
25,48,-0.1806,0.0,-0.2739,-0.0873,True
26,27,0.0962,0.0332,0.0029,0.1895,True
26,28,0.1142,0.0017,0.0209,0.2075,True
26,29,-0.0094,1.0,-0.1026,0.0839,False
26,30,0.0632,0.7718,-0.0301,0.1565,False
26,31,0.0551,0.941,-0.0382,0.1484,False
26,32,-0.3462,0.0,-0.4395,-0.2529,True
26,33,0.0076,1.0,-0.0857,0.1009,False
26,34,0.1048,0.0088,0.0115,0.1981,True
26,35,-0.0598,0.8582,-0.1531,0.0335,False
26,36,0.0668,0.6581,-0.0265,0.1601,False
26,37,0.1101,0.0035,0.0168,0.2034,True
26,38,-0.1858,0.0,-0.2791,-0.0925,True
26,39,0.0575,0.9049,-0.0358,0.1508,False
26,40,0.1131,0.0021,0.0199,0.2064,True
26,41,-0.0446,0.9974,-0.1379,0.0487,False
26,42,-0.1197,0.0006,-0.2129,-0.0264,True
26,43,0.1104,0.0034,0.0171,0.2037,True
26,44,0.0095,1.0,-0.0838,0.1027,False
26,45,-0.0101,1.0,-0.1034,0.0832,False
26,46,0.1086,0.0046,0.0153,0.2019,True
26,47,-0.0227,1.0,-0.116,0.0706,False
26,48,-0.0875,0.1062,-0.1808,0.0058,False
27,28,0.018,1.0,-0.0753,0.1113,False
27,29,-0.1055,0.0077,-0.1988,-0.0123,True
27,30,-0.033,1.0,-0.1263,0.0603,False
27,31,-0.0411,0.9994,-0.1344,0.0522,False
27,32,-0.4424,0.0,-0.5357,-0.3491,True
27,33,-0.0886,0.0929,-0.1819,0.0047,False
27,34,0.0086,1.0,-0.0847,0.1019,False
27,35,-0.156,0.0,-0.2493,-0.0627,True
27,36,-0.0294,1.0,-0.1227,0.0639,False
27,37,0.0139,1.0,-0.0794,0.1072,False
27,38,-0.282,0.0,-0.3753,-0.1887,True
27,39,-0.0387,0.9998,-0.132,0.0546,False
27,40,0.017,1.0,-0.0763,0.1103,False
27,41,-0.1408,0.0,-0.234,-0.0475,True
27,42,-0.2158,0.0,-0.3091,-0.1226,True
27,43,0.0142,1.0,-0.0791,0.1075,False
27,44,-0.0867,0.1166,-0.18,0.0066,False
27,45,-0.1063,0.0069,-0.1995,-0.013,True
27,46,0.0124,1.0,-0.0809,0.1057,False
27,47,-0.1189,0.0007,-0.2122,-0.0256,True
27,48,-0.1837,0.0,-0.277,-0.0904,True
28,29,-0.1235,0.0003,-0.2168,-0.0302,True
28,30,-0.051,0.978,-0.1443,0.0423,False
28,31,-0.0591,0.8737,-0.1524,0.0342,False
28,32,-0.4604,0.0,-0.5537,-0.3671,True
28,33,-0.1066,0.0065,-0.1999,-0.0133,True
28,34,-0.0094,1.0,-0.1027,0.0839,False
28,35,-0.174,0.0,-0.2673,-0.0807,True
28,36,-0.0474,0.9927,-0.1407,0.0459,False
28,37,-0.004,1.0,-0.0973,0.0892,False
28,38,-0.3,0.0,-0.3933,-0.2067,True
28,39,-0.0567,0.9179,-0.15,0.0366,False
28,40,-0.001,1.0,-0.0943,0.0923,False
28,41,-0.1587,0.0,-0.252,-0.0654,True
28,42,-0.2338,0.0,-0.3271,-0.1405,True
28,43,-0.0038,1.0,-0.097,0.0895,False
28,44,-0.1047,0.0089,-0.198,-0.0114,True
28,45,-0.1242,0.0002,-0.2175,-0.0309,True
28,46,-0.0056,1.0,-0.0989,0.0877,False
28,47,-0.1369,0.0,-0.2302,-0.0436,True
28,48,-0.2017,0.0,-0.295,-0.1084,True
29,30,0.0725,0.4629,-0.0208,0.1658,False
29,31,0.0644,0.7338,-0.0289,0.1577,False
29,32,-0.3368,0.0,-0.4301,-0.2435,True
29,33,0.017,1.0,-0.0763,0.1103,False
29,34,0.1141,0.0017,0.0208,0.2074,True
29,35,-0.0505,0.9811,-0.1437,0.0428,False
29,36,0.0761,0.3477,-0.0171,0.1694,False
29,37,0.1195,0.0006,0.0262,0.2128,True
29,38,-0.1765,0.0,-0.2698,-0.0832,True
29,39,0.0668,0.6566,-0.0265,0.1601,False
29,40,0.1225,0.0004,0.0292,0.2158,True
29,41,-0.0352,1.0,-0.1285,0.0581,False
29,42,-0.1103,0.0034,-0.2036,-0.017,True
29,43,0.1198,0.0006,0.0265,0.2131,True
29,44,0.0188,1.0,-0.0745,0.1121,False
29,45,-0.0007,1.0,-0.094,0.0926,False
29,46,0.1179,0.0008,0.0247,0.2112,True
29,47,-0.0133,1.0,-0.1066,0.08,False
29,48,-0.0781,0.2911,-0.1714,0.0151,False
30,31,-0.0081,1.0,-0.1014,0.0852,False
30,32,-0.4094,0.0,-0.5027,-0.3161,True
30,33,-0.0556,0.9347,-0.1488,0.0377,False
30,34,0.0416,0.9993,-0.0517,0.1349,False
30,35,-0.123,0.0003,-0.2163,-0.0297,True
30,36,0.0036,1.0,-0.0897,0.0969,False
30,37,0.047,0.9937,-0.0463,0.1403,False
30,38,-0.249,0.0,-0.3423,-0.1557,True
30,39,-0.0057,1.0,-0.099,0.0876,False
30,40,0.05,0.9835,-0.0433,0.1433,False
30,41,-0.1077,0.0053,-0.201,-0.0144,True
30,42,-0.1828,0.0,-0.2761,-0.0895,True
30,43,0.0473,0.993,-0.046,0.1405,False
30,44,-0.0537,0.9565,-0.147,0.0396,False
30,45,-0.0732,0.4395,-0.1665,0.0201,False
30,46,0.0454,0.9964,-0.0479,0.1387,False
30,47,-0.0859,0.1295,-0.1791,0.0074,False
30,48,-0.1507,0.0,-0.244,-0.0574,True
31,32,-0.4013,0.0,-0.4946,-0.308,True
31,33,-0.0475,0.9925,-0.1408,0.0458,False
31,34,0.0497,0.9848,-0.0436,0.143,False
31,35,-0.1149,0.0015,-0.2082,-0.0216,True
31,36,0.0117,1.0,-0.0816,0.105,False
31,37,0.0551,0.9413,-0.0382,0.1483,False
31,38,-0.2409,0.0,-0.3342,-0.1476,True
31,39,0.0024,1.0,-0.0909,0.0957,False
31,40,0.0581,0.894,-0.0352,0.1514,False
31,41,-0.0996,0.0198,-0.1929,-0.0064,True
31,42,-0.1747,0.0,-0.268,-0.0814,True
31,43,0.0553,0.9375,-0.0379,0.1486,False
31,44,-0.0456,0.9961,-0.1389,0.0477,False
31,45,-0.0651,0.7118,-0.1584,0.0282,False
31,46,0.0535,0.9585,-0.0398,0.1468,False
31,47,-0.0778,0.3015,-0.1711,0.0155,False
31,48,-0.1426,0.0,-0.2359,-0.0493,True
32,33,0.3538,0.0,0.2605,0.4471,True
32,34,0.451,0.0,0.3577,0.5443,True
32,35,0.2864,0.0,0.1931,0.3797,True
32,36,0.413,0.0,0.3197,0.5063,True
32,37,0.4563,0.0,0.363,0.5496,True
32,38,0.1604,0.0,0.0671,0.2537,True
32,39,0.4037,0.0,0.3104,0.497,True
32,40,0.4593,0.0,0.3661,0.5526,True
32,41,0.3016,0.0,0.2083,0.3949,True
32,42,0.2265,0.0,0.1333,0.3198,True
32,43,0.4566,0.0,0.3633,0.5499,True
32,44,0.3557,0.0,0.2624,0.4489,True
32,45,0.3361,0.0,0.2428,0.4294,True
32,46,0.4548,0.0,0.3615,0.5481,True
32,47,0.3235,0.0,0.2302,0.4168,True
32,48,0.2587,0.0,0.1654,0.352,True
33,34,0.0972,0.0287,0.0039,0.1905,True
33,35,-0.0674,0.6372,-0.1607,0.0259,False
33,36,0.0592,0.8718,-0.0341,0.1525,False
33,37,0.1025,0.0126,0.0092,0.1958,True
33,38,-0.1934,0.0,-0.2867,-0.1001,True
33,39,0.0499,0.984,-0.0434,0.1432,False
33,40,0.1055,0.0077,0.0123,0.1988,True
33,41,-0.0522,0.9701,-0.1455,0.0411,False
33,42,-0.1273,0.0001,-0.2205,-0.034,True
33,43,0.1028,0.012,0.0095,0.1961,True
33,44,0.0019,1.0,-0.0914,0.0951,False
33,45,-0.0177,1.0,-0.111,0.0756,False
33,46,0.101,0.0161,0.0077,0.1943,True
33,47,-0.0303,1.0,-0.1236,0.063,False
33,48,-0.0951,0.0387,-0.1884,-0.0018,True
34,35,-0.1646,0.0,-0.2579,-0.0713,True
34,36,-0.038,0.9999,-0.1313,0.0553,False
34,37,0.0053,1.0,-0.0879,0.0986,False
34,38,-0.2906,0.0,-0.3839,-0.1973,True
34,39,-0.0473,0.9929,-0.1406,0.046,False
34,40,0.0084,1.0,-0.0849,0.1017,False
34,41,-0.1493,0.0,-0.2426,-0.0561,True
34,42,-0.2244,0.0,-0.3177,-0.1311,True
34,43,0.0056,1.0,-0.0876,0.0989,False
34,44,-0.0953,0.0376,-0.1886,-0.002,True
34,45,-0.1148,0.0015,-0.2081,-0.0215,True
34,46,0.0038,1.0,-0.0895,0.0971,False
34,47,-0.1275,0.0001,-0.2208,-0.0342,True
34,48,-0.1923,0.0,-0.2856,-0.099,True
35,36,0.1266,0.0002,0.0333,0.2199,True
35,37,0.1699,0.0,0.0766,0.2632,True
35,38,-0.126,0.0002,-0.2193,-0.0327,True
35,39,0.1173,0.001,0.024,0.2106,True
35,40,0.173,0.0,0.0797,0.2662,True
35,41,0.0152,1.0,-0.078,0.1085,False
35,42,-0.0598,0.8574,-0.1531,0.0334,False
35,43,0.1702,0.0,0.0769,0.2635,True
35,44,0.0693,0.5739,-0.024,0.1626,False
35,45,0.0497,0.9846,-0.0435,0.143,False
35,46,0.1684,0.0,0.0751,0.2617,True
35,47,0.0371,0.9999,-0.0562,0.1304,False
35,48,-0.0277,1.0,-0.121,0.0656,False
36,37,0.0433,0.9984,-0.05,0.1366,False
36,38,-0.2526,0.0,-0.3459,-0.1593,True
36,39,-0.0093,1.0,-0.1026,0.084,False
36,40,0.0464,0.9949,-0.0469,0.1397,False
36,41,-0.1114,0.0028,-0.2046,-0.0181,True
36,42,-0.1864,0.0,-0.2797,-0.0932,True
36,43,0.0436,0.9982,-0.0497,0.1369,False
36,44,-0.0573,0.9074,-0.1506,0.036,False
36,45,-0.0769,0.3271,-0.1701,0.0164,False
36,46,0.0418,0.9992,-0.0515,0.1351,False
36,47,-0.0895,0.083,-0.1828,0.0038,False
36,48,-0.1543,0.0,-0.2476,-0.061,True
37,38,-0.296,0.0,-0.3892,-0.2027,True
37,39,-0.0527,0.9663,-0.1459,0.0406,False
37,40,0.003,1.0,-0.0903,0.0963,False
37,41,-0.1547,0.0,-0.248,-0.0614,True
37,42,-0.2298,0.0,-0.3231,-0.1365,True
37,43,0.0003,1.0,-0.093,0.0936,False
37,44,-0.1007,0.0169,-0.194,-0.0074,True
37,45,-0.1202,0.0006,-0.2135,-0.0269,True
37,46,-0.0015,1.0,-0.0948,0.0918,False
37,47,-0.1328,0.0,-0.2261,-0.0395,True
37,48,-0.1976,0.0,-0.2909,-0.1043,True
38,39,0.2433,0.0,0.15,0.3366,True
38,40,0.299,0.0,0.2057,0.3923,True
38,41,0.1413,0.0,0.048,0.2346,True
38,42,0.0662,0.6783,-0.0271,0.1595,False
38,43,0.2962,0.0,0.203,0.3895,True
38,44,0.1953,0.0,0.102,0.2886,True
38,45,0.1758,0.0,0.0825,0.2691,True
38,46,0.2944,0.0,0.2011,0.3877,True
38,47,0.1631,0.0,0.0698,0.2564,True
38,48,0.0983,0.0242,0.005,0.1916,True
39,40,0.0557,0.9331,-0.0376,0.149,False
39,41,-0.102,0.0136,-0.1953,-0.0088,True
39,42,-0.1771,0.0,-0.2704,-0.0838,True
39,43,0.0529,0.9638,-0.0403,0.1462,False
39,44,-0.048,0.991,-0.1413,0.0453,False
39,45,-0.0675,0.6329,-0.1608,0.0258,False
39,46,0.0511,0.9774,-0.0422,0.1444,False
39,47,-0.0802,0.2399,-0.1735,0.0131,False
39,48,-0.145,0.0,-0.2383,-0.0517,True
40,41,-0.1577,0.0,-0.251,-0.0644,True
40,42,-0.2328,0.0,-0.3261,-0.1395,True
40,43,-0.0027,1.0,-0.096,0.0906,False
40,44,-0.1037,0.0105,-0.197,-0.0104,True
40,45,-0.1232,0.0003,-0.2165,-0.0299,True
40,46,-0.0046,1.0,-0.0979,0.0887,False
40,47,-0.1358,0.0,-0.2291,-0.0425,True
40,48,-0.2007,0.0,-0.2939,-0.1074,True
41,42,-0.0751,0.38,-0.1684,0.0182,False
41,43,0.155,0.0,0.0617,0.2483,True
41,44,0.054,0.9532,-0.0393,0.1473,False
41,45,0.0345,1.0,-0.0588,0.1278,False
41,46,0.1532,0.0,0.0599,0.2464,True
41,47,0.0219,1.0,-0.0714,0.1152,False
41,48,-0.0429,0.9987,-0.1362,0.0504,False
42,43,0.2301,0.0,0.1368,0.3234,True
42,44,0.1291,0.0001,0.0358,0.2224,True
42,45,0.1096,0.0039,0.0163,0.2029,True
42,46,0.2282,0.0,0.1349,0.3215,True
42,47,0.097,0.0296,0.0037,0.1903,True
42,48,0.0321,1.0,-0.0611,0.1254,False
43,44,-0.101,0.0162,-0.1943,-0.0077,True
43,45,-0.1205,0.0005,-0.2138,-0.0272,True
43,46,-0.0018,1.0,-0.0951,0.0915,False
43,47,-0.1331,0.0,-0.2264,-0.0398,True
43,48,-0.1979,0.0,-0.2912,-0.1046,True
44,45,-0.0195,1.0,-0.1128,0.0738,False
44,46,0.0991,0.0214,0.0058,0.1924,True
44,47,-0.0321,1.0,-0.1254,0.0611,False
44,48,-0.097,0.0296,-0.1903,-0.0037,True
45,46,0.1186,0.0007,0.0254,0.2119,True
45,47,-0.0126,1.0,-0.1059,0.0807,False
45,48,-0.0774,0.3105,-0.1707,0.0158,False
46,47,-0.1313,0.0001,-0.2246,-0.038,True
46,48,-0.1961,0.0,-0.2894,-0.1028,True
47,48,-0.0648,0.722,-0.1581,0.0285,False
